,Price,Age,KM,FuelType,HP,MetColor,Automatic,CC,Doors,Weight,Maintenance
0,13500,23,46986,Diesel,90,1,0,2000,three,1165,15500
1,13750,23,72937,Diesel,90,1,0,2000,3,1165,15750
2,13950,24,41711,Diesel,90,,0,2000,3,1165,15950
3,14950,26,48000,Diesel,90,0,0,2000,3,1165,16950
4,13750,30,38500,Diesel,90,0,0,2000,3,1170,15750
5,12950,32,61000,Diesel,90,0,0,2000,3,1170,14950
6,16900,27,,Diesel,,,0,2000,3,1245,18900
7,18600,30,75889,,90,1,0,2000,3,1245,20600
8,21500,27,19700,Petrol,192,0,0,1800,3,1185,23500
9,12950,23,71138,Diesel,,,0,1900,3,1105,14950
10,20950,25,31461,Petrol,192,0,0,1800,3,1185,22950
11,19950,22,43610,Petrol,192,0,0,1800,3,1185,21950
12,19600,25,32189,Petrol,192,0,0,1800,3,1185,21600
13,21500,31,23000,Petrol,192,1,0,1800,3,1185,23500
14,22500,32,34131,Petrol,192,1,0,1800,3,1185,24500
15,22000,28,18739,Petrol,,0,0,1800,3,1185,24000
16,22750,30,34000,Petrol,192,1,0,1800,3,1185,24750
17,17950,24,21716,Petrol,110,1,0,1600,3,1105,19950
18,16750,24,25563,Petrol,110,0,0,1600,3,1065,18750
19,16950,30,64359,Petrol,110,1,0,1600,3,1105,18950
20,15950,30,67660,Petrol,110,1,0,1600,3,1105,17950
21,16950,29,43905,,110,0,1,1600,3,1170,18950
22,15950,28,56349,Petrol,110,1,0,1600,3,1120,17950
23,16950,28,32220,Petrol,110,1,0,1600,3,1120,18950
24,16250,29,25813,Petrol,110,1,0,1600,3,1120,18250
25,15950,25,28450,Petrol,110,1,0,1600,3,1120,17950
26,17495,27,34545,,110,1,0,1600,3,1120,19495
27,15750,29,41415,Petrol,110,1,0,1600,3,1120,17750
28,16950,28,44142,Petrol,110,0,0,1600,3,1120,18950
29,17950,30,11090,,110,,0,1600,3,1120,19950
30,12950,29,9750,Petrol,97,1,0,1400,3,1100,14950
31,15750,22,35199,Petrol,97,1,0,1400,3,1100,17750
32,15950,27,29510,Petrol,97,1,0,1400,3,1100,17950
33,14950,,32692,Petrol,97,1,0,1400,3,1100,16950
34,15500,22,41000,Petrol,97,1,0,1400,3,1100,17500
35,15750,26,43000,Petrol,97,0,0,1400,3,1100,17750
36,15950,25,25000,Petrol,97,0,0,1400,3,1100,17950
37,14950,23,10000,Petrol,97,1,0,1400,3,1100,16950
38,15750,32,25329,Petrol,97,1,0,1400,3,1100,17750
39,14750,27,27500,Petrol,97,0,0,1400,3,1100,16750
40,13950,22,49059,Petrol,97,0,0,1400,3,1100,15950
41,16750,27,44068,Petrol,97,1,0,1400,3,1100,18750
42,13950,22,46961,Petrol,97,0,0,1400,3,1100,15950
43,16950,27,110404,Diesel,90,,0,2000,5,1255,18950
44,16950,22,100250,,90,0,0,2000,5,1255,18950
45,19000,23,84000,Diesel,90,,0,2000,5,1270,21000
46,17950,27,79375,Diesel,90,1,0,2000,5,1255,19950
47,15800,22,75048,Petrol,97,1,0,1400,5,1110,17800
48,17950,22,72215,Diesel,90,1,0,2000,5,1255,19950
49,21950,31,64982,Petrol,192,,0,1800,5,1195,23950
50,17950,22,62636,Diesel,90,1,0,2000,5,1255,19950
51,15750,30,57086,Petrol,97,1,0,1400,5,1110,17750
52,20500,26,56000,Petrol,110,1,1,1600,5,1180,22500
53,21950,27,49866,Petrol,192,1,0,1800,5,1195,23950
54,15500,25,49163,Petrol,110,0,1,1600,5,1165,17500
55,13250,,45725,Petrol,110,1,0,1600,5,1075,15250
56,15250,28,43210,Petrol,97,0,0,1400,5,1110,17250
57,15250,26,43000,Petrol,97,0,0,1400,5,1110,17250
58,18950,23,39704,Petrol,110,1,1,1600,5,1180,20950
59,15999,30,38950,Petrol,110,1,0,1600,5,1130,17999
60,14950,22,37400,,97,1,0,1400,5,1110,16950
61,16500,27,37177,Petrol,110,,0,1600,5,1130,18500
62,18750,31,36544,Petrol,110,1,0,1600,5,1130,20750
63,17950,30,33511,Petrol,110,1,0,1600,5,1130,19950
64,17950,27,,Petrol,97,1,0,1400,5,1110,19950
65,16950,26,32181,Petrol,110,1,0,1600,5,1075,18950
66,18950,28,30993,Petrol,110,1,0,1600,5,1130,20950
67,14950,22,30400,Petrol,97,1,0,1400,5,1110,16950
68,22250,22,30000,Diesel,110,1,0,2000,5,1275,24250
69,15950,25,29719,Petrol,97,,0,1400,5,1110,17950
70,15950,28,29206,Petrol,97,1,0,1400,5,1110,17950
71,12995,32,29198,Petrol,97,1,0,1400,5,1060,14995
72,18950,28,28817,Petrol,110,1,0,1598,5,1130,20950
73,15750,23,28227,Petrol,97,1,0,1400,5,1110,17750
74,19950,28,28000,Petrol,110,0,0,1600,5,1130,21950
75,16950,23,28000,Petrol,110,1,0,1600,5,1115,18950
76,18750,31,25266,Petrol,110,1,0,1600,5,1130,20750
77,18450,27,23489,Petrol,110,0,0,1600,5,1115,20450
78,16895,29,22575,Petrol,110,1,0,1600,5,1115,18895
79,14900,30,22000,Petrol,97,1,0,1400,5,1110,16900
80,18950,25,20019,Petrol,110,1,1,1600,5,1180,20950
81,17250,29,20000,Petrol,110,1,0,1600,5,1115,19250
82,15450,25,17003,Petrol,97,1,0,1400,5,1110,17450
83,17950,,16238,Petrol,110,1,1,1600,5,1180,19950
84,16650,25,15414,Petrol,97,1,0,1400,5,1110,18650
85,17450,28,8537,Petrol,110,1,0,1600,5,1130,19450
86,14900,30,7000,,97,1,0,1400,5,1100,16900
87,17950,20,66966,Diesel,90,1,0,2000,3,1245,19950
88,15950,19,51884,Petrol,97,1,0,1400,3,1100,17950
89,21950,19,50005,Diesel,110,1,0,2000,3,1265,23950
90,16450,20,48110,Petrol,97,,0,1400,3,1100,18450
91,22250,20,,Diesel,90,1,0,2000,3,1260,24250
92,19950,,34472,Diesel,90,1,0,1995,3,1260,21950
93,15950,20,33329,Petrol,97,1,0,1400,3,1100,17950
94,18900,20,31850,Petrol,110,0,0,1600,3,1120,20900
95,19950,17,30351,Diesel,90,1,0,1995,3,1260,21950
96,15950,19,29435,Petrol,97,1,0,1400,3,1100,17950
97,15950,19,25948,Petrol,97,1,0,1400,3,1100,17950
98,18750,11,24500,Petrol,110,,0,1600,3,1120,20750
99,17450,18,23902,Petrol,97,1,0,1400,3,1100,19450
100,18990,20,23175,Petrol,110,1,0,1600,3,1120,20990
101,16250,19,19200,Petrol,97,1,0,1400,3,1100,18250
102,18500,13,18000,Petrol,71,0,0,1400,3,1125,20500
103,18500,11,16123,Petrol,110,1,0,1600,3,1105,20500
104,19450,11,14635,Petrol,110,1,1,1600,3,1155,21450
105,16950,,13748,Petrol,97,1,0,1400,3,1100,18950
106,18800,14,11500,Petrol,110,1,0,1600,3,1045,20800
107,17450,17,10000,,97,1,0,1400,3,1100,19450
108,17950,20,7187,Petrol,110,1,0,1600,3,1105,19950
109,32500,,1,,116,0,0,2000,5,1480,34500
110,31000,4,4000,Diesel,116,1,0,2000,5,1480,33000
111,31275,4,1500,Diesel,116,1,0,2000,5,1480,33275
112,24950,8,,Diesel,116,1,0,2000,5,1320,26950
113,24950,8,13253,Diesel,116,1,0,2000,5,1320,26950
114,22950,7,10000,Diesel,116,1,0,2000,5,1270,24950
115,24990,8,6000,Diesel,90,1,0,2000,5,1280,26990
116,21950,8,10841,,90,1,0,2000,5,1270,23950
117,17900,,1,Petrol,110,1,0,1600,3,1105,19900
118,19250,20,63000,Diesel,90,1,0,2000,5,1255,21250
119,22250,,57313,,110,1,0,2000,5,1275,24250
120,18950,13,57037,Petrol,110,0,0,1600,5,1115,20950
121,19950,19,51099,,90,1,0,2000,5,1255,21950
122,16350,14,40010,Petrol,110,1,0,1600,5,1115,18350
123,18950,20,39115,Petrol,110,1,0,1600,5,1130,20950
124,16950,17,36012,,110,0,0,1600,5,1130,18950
125,21750,16,,Petrol,110,1,0,1600,5,1130,23750
126,15950,20,36000,Petrol,110,1,0,1600,5,1075,17950
127,16500,20,35000,Petrol,97,1,0,1400,5,1110,18500
128,17950,17,33740,Petrol,97,1,0,1400,5,1135,19950
129,15850,13,33477,Petrol,110,1,0,1600,5,1075,17850
130,16250,20,32627,Petrol,97,1,0,1400,5,1110,18250
131,15950,20,,Petrol,97,1,0,1400,5,1110,17950
132,16250,19,29441,Petrol,97,1,0,1400,5,1110,18250
133,15950,13,29371,Petrol,110,1,0,1600,4,1105,17950
134,16500,20,29000,Petrol,97,0,0,1400,5,1110,18500
135,16500,19,27821,Petrol,97,0,0,1400,5,1110,18500
136,18450,19,27371,Petrol,97,0,0,1400,5,1135,20450
137,16250,13,25170,Petrol,110,1,0,1600,5,1105,18250
138,23000,11,25000,Diesel,116,1,0,2000,5,1320,25000
139,19900,20,23000,Petrol,110,1,0,1600,5,1130,21900
140,16450,20,22588,Petrol,97,1,0,1400,5,1110,18450
141,23950,19,21684,Petrol,192,1,0,1800,5,1185,25950
142,19950,13,21428,Petrol,110,1,0,1600,5,1130,21950
143,18500,16,20629,Petrol,110,1,0,1600,4,1090,20500
144,18950,15,20270,Petrol,110,,0,1600,5,1130,20950
145,16450,16,20105,Petrol,97,0,0,1400,5,1110,18450
146,20500,20,20000,Petrol,110,0,1,1600,5,1165,22500
147,24500,13,19988,Petrol,110,1,0,1600,5,1130,26500
148,19450,19,18328,Petrol,110,0,0,1600,5,1130,21450
149,20950,14,17896,Petrol,110,1,1,1600,4,1150,22950
150,17200,20,17300,Petrol,97,1,0,1400,5,1110,19200
151,19950,19,17038,Petrol,110,0,0,1600,5,1130,21950
152,18450,10,13747,Petrol,97,1,0,1400,5,1110,20450
153,19500,12,13634,Petrol,110,1,0,1600,5,1115,21500
154,21750,13,13178,Petrol,110,1,0,1600,5,1130,23750
155,16868,15,13157,,97,1,0,1400,4,1085,18868
156,19500,16,13000,,110,1,0,1600,4,1105,21500
157,18900,11,12500,Petrol,110,1,0,1600,5,1115,20900
158,19750,17,11999,Petrol,110,1,0,1600,5,1130,21750
159,19750,16,11754,Petrol,110,0,1,1600,5,1180,21750
160,18950,16,11000,,110,,0,1600,4,1105,20950
161,20750,17,10000,Petrol,110,0,0,1598,5,1105,22750
162,19600,9,7650,Petrol,110,1,0,1600,5,1115,21600
163,19500,14,6500,,110,,0,1600,4,1100,21500
164,17650,11,6155,Petrol,97,1,0,1400,5,1110,19650
165,19950,14,6000,Petrol,110,0,0,1600,5,1130,21950
166,19950,14,5459,Petrol,110,1,0,1600,5,1130,21950
167,20950,14,5278,Petrol,110,1,1,1600,four,1150,22950
168,20500,12,5000,Petrol,110,1,0,1600,5,1130,22500
169,17795,9,1,Petrol,98,1,0,1400,4,1065,19795
170,18245,9,1,Petrol,110,1,0,1600,5,1075,20245
171,23750,8,11000,Petrol,110,1,0,1600,5,1130,25750
172,19500,8,10077,Petrol,97,1,0,1400,5,1110,21500
173,18950,8,10000,Petrol,97,1,0,1400,5,1110,20950
174,21950,8,9788,Petrol,110,1,0,1600,5,1130,23950
175,19950,8,8574,Petrol,110,1,0,1600,5,1130,21950
176,18950,8,7000,Petrol,110,0,0,1600,5,1115,20950
177,19950,7,6250,Petrol,110,1,0,1600,5,1115,21950
178,21950,8,5000,Petrol,110,1,0,1600,5,1130,23950
179,22500,6,3000,Petrol,110,0,0,1600,5,1130,24500
180,18500,7,2000,Petrol,110,0,0,1600,5,1075,20500
181,18700,7,450,Petrol,97,1,0,1400,5,1110,20700
182,21125,2,225,Petrol,97,1,0,1400,5,1110,23125
183,21500,,15,Petrol,110,1,0,1600,5,1130,23500
184,17795,1,1,Petrol,98,1,0,1400,4,1100,19795
185,18245,1,1,Petrol,110,1,0,1600,5,1075,20245
186,6950,43,243000,Diesel,69,0,0,1900,3,1110,8950
187,9500,38,180638,Diesel,90,0,0,2000,4,1160,11500
188,11950,40,179860,Diesel,90,1,0,2000,5,1205,13950
189,7750,43,178858,CNG,110,0,0,1600,3,1084,9750
190,11950,40,161000,Diesel,69,1,0,1900,3,1105,13950
191,4350,44,158320,Diesel,69,0,0,1800,5,1110,6350
192,4750,44,131273,Diesel,69,1,0,1800,5,1110,6750
193,11750,40,130062,Diesel,69,1,0,1900,5,1140,13750
194,13250,41,123425,Diesel,69,1,0,1900,5,1140,15250
195,11950,37,118217,Petrol,110,1,0,1600,5,1075,13950
196,11900,44,110000,Diesel,69,1,0,1900,5,1095,13900
197,14750,39,108847,Diesel,90,1,0,2000,5,1205,16750
198,9950,42,105699,Petrol,97,1,0,1400,3,1025,11950
199,11950,,98823,CNG,110,1,0,1600,5,1119,13950
200,11495,44,96829,Petrol,110,,0,1600,5,1075,13495
201,11250,40,96518,Petrol,97,1,0,1400,3,1025,13250
202,10500,42,92204,Petrol,110,1,0,1600,5,1075,12500
203,10450,35,91456,Diesel,69,1,0,1900,3,1110,12450
204,12950,43,89968,Diesel,69,1,0,1900,5,1140,14950
205,11500,44,89757,Petrol,110,1,0,1600,3,1045,13500
206,12500,40,85389,Petrol,110,1,0,1600,5,1075,14500
207,10950,43,85017,,97,0,0,1400,5,1060,12950
208,11450,41,84312,Petrol,110,0,0,1600,5,1080,13450
209,11950,37,82743,CNG,110,1,0,1600,5,1121,13950
210,13250,41,81106,Diesel,69,1,0,1900,5,1140,15250
211,14750,40,80425,Diesel,90,1,0,2000,5,1205,16750
212,11790,34,78677,Petrol,110,1,1,1600,5,1105,13790
213,11450,40,78425,Petrol,110,,0,1600,5,1075,13450
214,13500,33,78108,Diesel,90,1,0,2000,3,1170,15500
215,10950,33,77321,Petrol,110,1,0,1600,5,1075,12950
216,13500,33,75699,Diesel,69,0,0,1900,3,1105,15500
217,10950,41,75697,Petrol,97,1,0,1400,3,1025,12950
218,10950,44,74846,Petrol,97,,0,1400,3,1025,12950
219,12950,38,74319,Petrol,110,1,0,1600,5,1075,14950
220,11950,,74285,Petrol,110,1,0,1600,5,1075,13950
221,12450,44,74172,Petrol,110,1,0,1600,5,1615,14450
222,11950,40,73042,Petrol,110,1,0,1598,5,1075,13950
223,14950,44,71793,CNG,110,,0,1600,4,1067,16950
224,12450,35,71200,Petrol,110,1,0,1600,5,1075,14450
225,12950,38,67805,Petrol,110,1,0,1600,5,1075,14950
226,11950,,65988,Petrol,110,,0,1600,3,1040,13950
227,11690,,65345,Petrol,97,1,0,1400,5,1060,13690
228,12450,42,64564,Petrol,110,1,0,1600,5,1080,14450
229,12750,36,63459,Petrol,97,1,0,1400,5,1060,14750
230,11925,,63451,Petrol,97,0,0,1400,3,1025,13925
231,12950,33,62000,Petrol,110,1,0,1600,5,1075,14950
232,11950,42,61300,Petrol,97,1,0,1400,3,1030,13950
233,12900,41,61200,Petrol,110,1,0,1600,3,1045,14900
234,11900,41,61000,Petrol,110,0,0,1600,5,1075,13900
235,11650,38,60829,Petrol,110,,0,1600,5,1075,13650
236,10950,44,60500,Petrol,110,0,0,1600,5,1075,12950
237,13950,35,59500,Diesel,69,,0,1900,3,1110,15950
238,13950,44,59000,Petrol,110,0,1,1600,5,1110,15950
239,11950,40,58954,Petrol,110,1,0,1600,5,1080,13950
240,10950,38,58798,Petrol,110,1,0,1600,5,1075,12950
241,12450,38,58363,Petrol,110,1,0,1600,3,1055,14450
242,11950,43,58277,Petrol,110,,0,1600,3,1045,13950
243,13500,33,57711,Diesel,90,1,0,2000,3,1165,15500
244,11690,33,57269,Petrol,110,1,0,1600,5,1075,13690
245,13500,39,56001,Petrol,110,1,0,1600,5,1075,15500
246,11950,42,55968,Petrol,110,,0,1600,3,1050,13950
247,12900,,55678,Petrol,110,1,0,1600,4,1030,14900
248,13500,43,55539,Petrol,110,1,0,1600,5,1085,15500
249,11750,42,55400,Petrol,110,0,0,1600,5,1075,13750
250,11750,33,55350,Petrol,110,0,0,1600,5,1075,13750
251,10850,43,54600,Petrol,110,0,0,1600,4,1030,12850
252,11750,43,53773,Petrol,110,1,0,1600,5,1075,13750
253,14950,42,53719,Petrol,110,1,1,1600,5,1105,16950
254,9940,39,53644,Petrol,110,1,0,1600,5,1075,11940
255,12900,42,53350,Petrol,110,0,0,1600,5,1075,14900
256,13500,38,53000,Petrol,110,1,0,1600,5,1075,15500
257,11750,44,52084,Petrol,97,1,0,1400,3,1025,13750
258,11950,44,52000,Petrol,97,0,0,1400,3,1025,13950
259,13450,33,51945,Petrol,110,1,0,1600,5,1075,15450
260,11950,41,51732,Petrol,97,1,0,1400,3,1025,13950
261,12495,39,50873,Petrol,110,,0,1600,5,1075,14495
262,13500,41,50856,Petrol,110,0,0,1600,4,1030,15500
263,12750,40,50640,Petrol,110,1,0,1600,5,1075,14750
264,12000,39,50000,Petrol,97,1,0,1400,5,1060,14000
265,11950,38,49500,Petrol,110,1,0,1600,5,1075,13950
266,12495,44,49332,Petrol,110,1,0,1600,5,1080,14495
267,12450,34,49291,Petrol,110,1,0,1600,3,1040,14450
268,14750,40,48952,Diesel,90,1,0,2000,5,1205,16750
269,10950,39,48945,Petrol,110,0,0,1600,3,1040,12950
270,13500,33,48928,Diesel,69,,0,1900,3,1105,15500
271,12950,38,48197,Petrol,110,1,0,1600,5,1075,14950
272,13500,35,48052,Diesel,69,,0,1900,3,1105,15500
273,13450,,48011,Petrol,110,1,0,1600,4,1030,15450
274,13500,43,48000,Petrol,110,1,0,1600,5,1075,15500
275,11480,41,47350,Petrol,110,1,0,1600,5,1075,13480
276,13450,39,46821,Petrol,97,1,0,1400,5,1060,15450
277,11495,39,46694,Petrol,110,0,0,1600,3,1040,13495
278,12750,43,46515,Petrol,97,0,0,1400,5,1025,14750
279,14990,38,46327,Petrol,110,1,0,1600,3,1055,16990
280,12950,35,46304,Petrol,97,1,0,1400,5,1060,14950
281,12950,40,45886,Petrol,110,1,0,1600,5,1080,14950
282,12850,39,45713,Petrol,97,1,0,1400,5,1085,14850
283,13950,40,45600,Petrol,110,1,1,1600,5,1105,15950
284,11950,41,45287,Petrol,110,1,0,1600,5,1075,13950
285,12950,39,45081,Petrol,110,1,0,1600,5,1075,14950
286,11700,40,44830,Petrol,110,,0,1600,5,1075,13700
287,9950,37,44757,Petrol,97,,0,1400,3,1025,11950
288,11895,44,44218,Petrol,97,1,0,1400,5,1060,13895
289,12950,43,43632,Petrol,110,1,0,1600,5,1075,14950
290,12500,36,43427,Petrol,110,1,0,1600,3,1040,14500
291,13875,39,43254,Petrol,110,1,0,1600,5,1075,15875
292,10500,35,43000,Petrol,110,0,0,1600,3,1050,12500
293,12295,33,42823,Petrol,110,1,0,1600,5,1075,14295
294,13950,42,42560,Petrol,110,1,0,1600,5,1080,15950
295,10950,38,41754,Petrol,110,0,0,1600,3,1040,12950
296,12950,44,41499,CNG,110,1,0,1600,5,1103,14950
297,12850,40,41339,Petrol,110,1,0,1600,5,1080,14850
298,13995,35,41000,Petrol,110,1,0,1600,5,1075,15995
299,13750,39,40000,Petrol,110,1,0,1600,3,1055,15750
300,12750,37,39757,Petrol,110,1,0,1600,5,1075,14750
301,12500,41,39659,Petrol,110,,0,1600,3,1045,14500
302,13950,43,39650,Petrol,110,0,0,1600,3,1055,15950
303,11500,39,39524,Petrol,97,,0,1398,3,1025,13500
304,13950,44,39516,Petrol,97,1,0,1400,5,1060,15950
305,11895,41,39439,Petrol,97,0,0,1400,5,1060,13895
306,9950,44,39000,Petrol,97,1,0,1400,3,1025,11950
307,13500,42,38932,Petrol,110,1,0,1600,3,1040,15500
308,11450,37,38812,Petrol,97,,0,1400,3,1025,13450
309,12450,42,38665,Petrol,110,1,0,1600,5,1075,14450
310,12950,40,38653,Petrol,110,1,0,1600,5,1080,14950
311,13995,44,38461,Petrol,110,,0,1600,5,1080,15995
312,11750,42,38078,Petrol,97,0,0,1400,3,1025,13750
313,11650,39,37782,Petrol,97,1,0,1400,5,1060,13650
314,9950,43,37576,Petrol,97,0,0,1400,3,1030,11950
315,13950,41,37533,Petrol,110,1,0,1600,5,1075,15950
316,12950,44,37389,Petrol,110,1,0,1600,5,1080,14950
317,10950,38,37320,Petrol,97,1,0,1400,3,1025,12950
318,9900,42,37000,Petrol,97,1,0,1400,3,1025,11900
319,11950,44,37000,Petrol,110,0,0,1600,4,1075,13950
320,11990,40,36566,Petrol,110,0,0,1600,5,1090,13990
321,10750,36,36269,,110,1,0,1600,5,1075,12750
322,13950,37,36074,Petrol,110,1,1,1600,5,1075,15950
323,11250,44,36066,Petrol,110,1,0,1600,3,1040,13250
324,12950,39,34599,Petrol,110,1,0,1600,five,1075,14950
325,11950,41,34000,Petrol,110,1,0,1600,5,1075,13950
326,10950,42,33623,Petrol,97,1,0,1400,3,1025,12950
327,12950,33,33591,Petrol,110,1,0,1600,5,1075,14950
328,12950,35,33258,Petrol,110,,0,1600,5,1075,14950
329,11695,43,33113,,110,1,0,1600,5,1075,13695
330,11000,41,33000,Petrol,110,1,1,1600,5,1075,13000
331,13950,,32941,Petrol,110,1,0,1600,5,1080,15950
332,11950,38,32781,,110,0,0,1600,5,1075,13950
333,11750,40,32532,,110,1,0,1600,3,1040,13750
334,12400,34,32431,,97,1,0,1400,5,1060,14400
335,12500,35,32000,Petrol,110,0,0,1600,3,1040,14500
336,12900,33,31000,Petrol,110,1,0,1600,5,1075,14900
337,12200,41,30989,Petrol,110,0,0,1600,3,1045,14200
338,12750,43,30742,Petrol,110,1,0,1600,3,1040,14750
339,11950,42,30190,Petrol,110,1,0,1600,5,1075,13950
340,11900,41,29716,Petrol,116,1,0,1600,5,1075,13900
341,11950,44,29716,,110,1,1,1600,3,1070,13950
342,14950,42,29640,Petrol,110,,0,1600,3,1055,16950
343,11950,41,29056,Petrol,97,1,0,1400,5,1060,13950
344,12950,33,28715,Petrol,110,1,0,1600,5,1075,14950
345,14950,41,28571,Petrol,110,0,0,1600,5,1090,16950
346,13450,40,28362,Petrol,110,1,0,1600,3,1040,15450
347,13750,38,28150,Petrol,110,,0,1600,5,1075,15750
348,12950,43,27301,,110,1,0,1600,3,1040,14950
349,12750,33,27240,Petrol,110,1,0,1600,5,1075,14750
350,11895,39,27170,Petrol,97,1,0,1400,5,1060,13895
351,9950,42,27141,Petrol,97,1,0,1400,5,1060,11950
352,12450,38,26262,Petrol,110,1,0,1600,5,1075,14450
353,12500,38,26000,Petrol,97,1,0,1400,5,1060,14500
354,14950,43,25228,Petrol,110,1,0,1600,3,1045,16950
355,13750,39,25062,Petrol,110,,0,1600,5,1080,15750
356,12695,39,24723,Petrol,110,1,1,1600,4,1060,14695
357,14990,,24650,Petrol,110,1,0,1600,3,1055,16990
358,12750,43,24553,Petrol,110,1,0,1600,5,1080,14750
359,14350,41,24475,Petrol,110,,0,1600,5,1030,16350
360,12950,39,24444,Petrol,110,,0,1600,3,1040,14950
361,11500,35,24011,Petrol,97,0,0,1400,3,1025,13500
362,11950,41,24000,Petrol,97,1,0,1400,3,1025,13950
363,13450,40,23616,Petrol,110,1,0,1600,5,1075,15450
364,12900,38,22865,Petrol,110,1,0,1600,5,1075,14900
365,10500,41,22780,Petrol,86,,0,1300,5,1035,12500
366,10950,35,21904,Petrol,97,0,0,1400,3,1025,12950
367,11950,41,21651,Petrol,97,0,0,1400,3,1025,13950
368,11450,37,21500,Petrol,110,1,0,1600,5,1030,13450
369,13250,44,21027,Petrol,110,1,0,1600,5,1080,15250
370,10250,39,18500,Petrol,110,0,0,1600,4,1030,12250
371,13995,35,18000,Petrol,110,1,0,1600,5,1075,15995
372,11950,40,17051,,97,0,0,1400,5,1060,13950
373,13250,33,16512,Petrol,97,1,0,1400,5,1085,15250
374,12950,40,16325,Petrol,110,1,0,1600,5,1080,14950
375,11750,38,16000,Petrol,97,1,0,1400,5,1060,13750
376,11500,39,12000,Petrol,110,1,0,1600,5,1075,13500
377,13500,43,10000,Petrol,97,1,0,1400,5,1060,15500
378,6500,53,216000,Diesel,69,0,0,1900,3,1110,8500
379,6400,51,198167,Diesel,69,0,0,1900,4,1095,8400
380,7000,53,176000,Diesel,69,0,0,1900,3,1105,9000
381,7750,54,174139,Diesel,72,1,0,2000,4,1100,9750
382,8900,45,174000,Diesel,69,,0,1900,5,1095,10900
383,8500,55,150000,CNG,110,1,0,1600,3,1075,10500
384,8950,54,149329,Diesel,72,1,0,2000,5,1135,10950
385,9900,51,146736,Petrol,110,1,0,1600,5,1080,11900
386,10250,53,143513,Diesel,69,0,0,1900,5,1140,12250
387,9250,48,142130,CNG,110,0,0,1600,5,1119,11250
388,7750,48,140700,Diesel,69,1,0,1900,5,1110,9750
389,9450,,138394,Diesel,69,1,0,1900,4,1095,11450
390,7750,55,137000,Diesel,72,,0,2000,5,1135,9750
391,8250,52,135258,Diesel,69,1,0,1900,5,1140,10250
392,9950,49,131364,Petrol,110,1,0,1600,5,1075,11950
393,4450,56,129155,Diesel,69,0,0,1800,5,1110,6450
394,9950,50,126110,Petrol,110,0,0,1600,3,1055,11950
395,9000,48,119742,,110,1,0,1600,5,1080,11000
396,9950,53,117913,Diesel,69,1,0,1900,5,1110,11950
397,12450,47,117430,Diesel,90,,0,2000,3,1165,14450
398,10500,55,,Petrol,110,1,0,1600,4,1035,12500
399,10750,54,115558,Petrol,110,1,0,1600,4,1035,12750
400,8950,53,115113,Petrol,97,1,0,1400,3,1025,10950
401,10500,54,115046,Diesel,69,1,0,1900,5,1140,12500
402,5150,56,113997,Diesel,72,1,0,2000,5,1135,7150
403,10950,49,107859,Petrol,97,0,0,1400,5,1060,12950
404,9450,,104805,Petrol,97,1,0,1400,3,1025,11450
405,9950,54,103454,Petrol,110,1,0,1600,5,1075,11950
406,10950,51,103018,,69,0,0,1900,5,1140,12950
407,11900,47,102352,,110,1,0,1600,5,1080,13900
408,9950,50,102030,Petrol,97,1,0,1400,5,1060,11950
409,11950,54,101352,Petrol,110,0,0,1600,5,1080,13950
410,7900,50,99865,Petrol,110,1,0,1600,4,1035,9900
411,10950,52,99323,Petrol,110,,0,1600,3,1055,12950
412,8950,48,98100,,69,1,0,1900,5,1140,10950
413,11950,51,98040,Petrol,110,0,0,1600,5,1080,13950
414,10900,49,97600,Petrol,110,1,0,1600,3,1045,12900
415,9950,55,97234,Petrol,110,0,0,1600,5,1080,11950
416,9950,51,96135,Diesel,72,0,0,2000,3,1115,11950
417,10950,54,96100,Petrol,110,1,0,1600,5,1080,12950
418,8950,55,94401,Diesel,72,0,0,2000,3,1115,10950
419,8950,55,94122,Petrol,86,1,0,1300,3,1015,10950
420,10500,49,91340,,110,1,0,1600,3,1055,12500
421,8950,53,90200,Petrol,97,0,0,1400,3,1025,10950
422,9250,53,90097,Diesel,69,1,0,1900,5,1140,11250
423,11500,48,89049,Petrol,97,1,0,1400,5,1060,13500
424,9750,52,89000,Petrol,110,0,0,1600,5,1075,11750
425,9950,45,87274,Petrol,110,1,0,1600,3,1040,11950
426,11450,49,86221,Petrol,110,0,0,1600,3,1045,13450
427,12500,54,84598,Petrol,110,0,0,1600,5,1075,14500
428,10500,50,83567,Petrol,110,0,0,1600,5,1075,12500
429,12950,50,83106,,110,1,0,1600,5,1075,14950
430,12200,50,82805,Petrol,110,1,0,1600,3,1040,14200
431,10950,50,82735,Petrol,97,1,0,1400,3,1030,12950
432,10950,54,81905,Petrol,110,1,0,1600,5,1105,12950
433,11290,49,80320,Petrol,110,1,1,1600,3,1070,13290
434,10750,49,80090,Petrol,97,1,0,1400,3,1030,12750
435,10895,53,79800,Petrol,110,0,0,1600,5,1075,12895
436,11500,47,78785,CNG,110,1,0,1600,5,1119,13500
437,9750,48,78600,Petrol,110,1,0,1600,5,1075,11750
438,10250,55,77780,Petrol,110,,0,1600,3,1040,12250
439,12500,49,77648,Petrol,110,0,0,1600,4,1030,14500
440,11950,54,77270,,110,1,0,1600,4,1035,13950
441,10750,50,76167,Petrol,97,1,0,1400,5,1060,12750
442,11450,46,75249,Petrol,110,1,0,1600,4,1035,13450
443,11950,54,75231,Petrol,110,1,0,1600,5,1080,13950
444,11750,48,75045,Petrol,110,1,0,1600,3,1055,13750
445,10950,50,74849,Petrol,110,1,1,1600,4,1060,12950
446,11950,55,74715,Petrol,110,1,0,1600,5,1080,13950
447,10995,49,74656,Diesel,69,0,0,1900,3,1105,12995
448,11450,56,74500,Petrol,97,0,0,1400,3,1025,13450
449,8900,49,74494,Petrol,110,1,0,1600,5,1075,10900
450,10500,50,73634,Petrol,110,0,0,1587,5,1075,12500
451,11750,47,73403,Petrol,110,1,0,1600,5,1075,13750
452,11450,49,73175,Petrol,97,1,0,1400,3,1030,13450
453,12000,,73000,Petrol,110,0,0,1600,3,1055,14000
454,11950,50,72242,Petrol,110,,1,1600,3,1070,13950
455,9850,53,72000,Petrol,97,1,0,1400,3,1025,11850
456,10950,,71725,Petrol,110,1,0,1600,4,1035,12950
457,10950,,71276,Petrol,110,0,0,1600,5,1080,12950
458,8695,,70440,Diesel,69,1,0,1900,3,1105,10695
459,10990,53,70239,Petrol,110,0,0,1600,3,1040,12990
460,9500,55,69813,Petrol,97,1,0,1400,3,1025,11500
461,11950,49,69659,Petrol,86,0,0,1300,3,1025,13950
462,10750,46,69574,Petrol,97,0,0,1400,5,1065,12750
463,8750,47,69000,Diesel,69,1,0,1900,5,1140,10750
464,8750,49,68565,Petrol,110,,0,1600,4,1030,10750
465,11450,,68520,Diesel,72,1,0,2000,3,1115,13450
466,9950,46,68414,Petrol,97,0,0,1400,3,1025,11950
467,11950,56,66777,Petrol,110,0,0,1600,5,1090,13950
468,13950,52,66527,Petrol,110,1,0,1600,5,1080,15950
469,11250,54,66063,Petrol,110,1,0,1600,5,1090,13250
470,10900,50,65471,Petrol,97,1,0,1400,5,1060,12900
471,9750,56,65400,Petrol,97,1,0,1400,3,1025,11750
472,9950,52,65170,Petrol,97,1,0,1400,3,1025,11950
473,11950,56,65000,Petrol,110,1,0,1600,5,1075,13950
474,10450,48,64193,Petrol,110,,0,1600,3,1040,12450
475,8950,54,64000,Petrol,97,1,0,1400,3,1025,10950
476,10250,54,63792,Petrol,110,1,0,1600,5,1075,12250
477,9930,53,63635,Petrol,110,1,0,1600,4,1035,11930
478,10500,54,63135,Petrol,110,1,0,1600,3,1050,12500
479,11950,54,63123,Petrol,110,1,0,1600,4,1035,13950
480,11500,,63000,Diesel,69,1,0,1900,5,1140,13500
481,11500,,63000,Petrol,110,0,0,1600,4,1035,13500
482,11450,54,62987,Petrol,110,0,0,1600,5,1080,13450
483,9900,56,62751,Petrol,110,0,0,1600,3,1050,11900
484,9500,54,62519,Petrol,97,0,0,1400,3,1025,11500
485,10500,50,62280,Petrol,97,,0,1400,5,1060,12500
486,10750,50,61672,Petrol,110,,0,1600,5,1075,12750
487,8950,54,61000,Diesel,69,0,0,2000,5,1140,10950
488,12000,56,61000,Petrol,110,1,0,1600,3,1050,14000
489,9940,53,60558,Petrol,110,1,0,1600,4,1105,11940
490,10950,47,60348,Petrol,110,0,0,1600,4,1030,12950
491,10750,54,,Petrol,110,1,0,1600,5,1075,12750
492,9799,51,59000,Petrol,97,1,0,1400,3,1025,11799
493,11750,51,58761,Petrol,97,0,0,1300,5,1060,13750
494,11950,54,58745,,110,1,0,1600,4,1035,13950
495,11250,52,58596,Petrol,110,1,0,1600,3,1045,13250
496,11750,54,58530,Petrol,110,0,0,1600,5,1075,13750
497,10950,55,58377,Petrol,110,1,0,1600,3,1050,12950
498,11250,56,58142,Petrol,110,1,0,1600,5,1080,13250
499,9950,53,57948,Petrol,97,1,0,1400,3,1025,11950
500,9700,51,57645,Petrol,110,0,0,1600,5,1080,11700
501,11950,47,57500,Petrol,110,1,0,1600,4,1105,13950
502,9900,53,57475,Petrol,110,0,0,1600,3,1040,11900
503,9990,,56743,Petrol,110,0,0,1600,3,1045,11990
504,9475,48,56675,Petrol,97,1,0,1400,3,1025,11475
505,11500,54,55877,Petrol,110,1,0,1600,5,1075,13500
506,11950,53,55500,Petrol,110,1,0,1600,4,1035,13950
507,11500,55,54900,Petrol,97,1,0,1400,5,1060,13500
508,10500,50,54465,Petrol,110,0,0,1600,5,1075,12500
509,10900,46,53700,Petrol,97,1,0,1400,5,1060,12900
510,11700,52,53561,Petrol,97,1,0,1400,5,1060,13700
511,11900,51,53408,Petrol,110,1,0,1600,5,1080,13900
512,13950,51,53268,Petrol,110,,0,1600,5,1080,15950
513,10950,49,53116,Petrol,97,1,0,1400,3,1025,12950
514,10500,56,52448,Petrol,97,0,0,1400,3,1025,12500
515,10750,55,52149,Petrol,97,1,0,1400,3,1085,12750
516,11950,55,52141,Petrol,110,1,0,1600,5,1070,13950
517,10000,56,52000,Petrol,97,0,0,1400,3,1025,12000
518,10495,48,50967,Petrol,97,1,0,1400,5,1060,12495
519,11450,50,50400,Petrol,110,0,0,1600,5,1080,13450
520,9400,54,50000,Petrol,97,1,0,1400,3,1025,11400
521,11950,51,50000,Petrol,86,1,0,1300,5,1045,13950
522,9650,53,49969,Petrol,110,0,0,1600,5,1075,11650
523,18950,49,49568,Petrol,110,1,0,1600,3,1105,20950
524,11450,51,49473,Petrol,110,0,0,1600,3,1055,13450
525,10250,52,49432,Petrol,110,1,0,1600,3,1050,12250
526,11450,,49417,Petrol,110,1,0,1600,3,1045,13450
527,9950,54,49366,Petrol,97,1,0,1400,3,1025,11950
528,10500,56,48731,Petrol,110,1,0,1600,3,1055,12500
529,13750,,48370,Petrol,110,1,0,1600,5,1080,15750
530,9950,48,48071,Petrol,97,0,0,1400,3,1025,11950
531,10250,54,47852,,110,1,0,1600,4,1030,12250
532,10850,54,47768,Petrol,110,,0,1600,3,1055,12850
533,11895,52,47689,Petrol,110,0,0,1600,5,1075,13895
534,12950,53,47451,Petrol,110,1,0,1600,3,1055,14950
535,11950,50,47219,Petrol,110,1,0,1600,5,1080,13950
536,10750,56,47211,Petrol,110,1,0,1600,5,1070,12750
537,9550,54,46856,Petrol,97,0,0,1400,5,1060,11550
538,10950,56,46500,Petrol,86,0,0,1300,5,1035,12950
539,11750,,46449,Petrol,110,1,0,1600,4,1035,13750
540,10950,47,46391,Petrol,110,0,0,1600,5,1075,12950
541,12450,54,46230,Petrol,110,1,0,1600,3,1055,14450
542,10500,52,46029,Petrol,110,1,0,1600,4,1030,12500
543,10900,50,46000,Petrol,97,0,0,1400,3,1025,12900
544,12950,50,45900,Petrol,110,1,0,1600,5,1075,14950
545,10950,47,45850,Petrol,97,0,0,1400,5,1060,12950
546,12500,56,45336,Petrol,110,1,0,1600,5,1080,14500
547,9950,55,44537,,97,0,0,1400,3,1025,11950
548,10750,56,43700,,86,,0,1300,3,1025,12750
549,12500,48,43120,Petrol,97,1,0,1400,3,1030,14500
550,10450,49,41710,Petrol,110,0,0,1600,3,1040,12450
551,10750,52,41700,Petrol,97,1,0,1400,3,1025,12750
552,12950,49,41636,Petrol,110,1,0,1600,5,1105,14950
553,10995,,41273,Petrol,97,0,0,1400,5,1060,12995
554,11950,49,40836,Petrol,110,,1,1600,3,1075,13950
555,11250,50,40400,Petrol,97,1,0,1400,5,1060,13250
556,11950,47,40361,Petrol,110,1,0,1600,5,1090,13950
557,13750,54,40325,,86,0,0,1300,5,1045,15750
558,11000,47,40000,Petrol,110,0,0,1600,5,1080,13000
559,13500,50,39706,Petrol,110,1,0,1600,5,1080,15500
560,10950,54,39291,Petrol,110,1,0,1600,3,1040,12950
561,10750,54,39000,Petrol,97,0,0,1400,3,1025,12750
562,8950,47,38900,Petrol,97,1,0,1400,3,1025,10950
563,12950,51,38403,Petrol,110,0,0,1600,3,1055,14950
564,9750,56,37461,Petrol,97,0,0,1400,3,1025,11750
565,10900,54,37000,,97,1,0,1400,3,1025,12900
566,10995,55,36406,Petrol,110,1,0,1600,4,1035,12995
567,10750,48,36005,Petrol,97,1,0,1400,5,1065,12750
568,10950,52,36000,Petrol,110,1,0,1600,5,1075,12950
569,13000,,36000,Petrol,110,0,0,1600,5,1080,15000
570,12950,45,36000,Petrol,110,1,1,1600,3,1070,14950
571,11500,52,35823,Petrol,110,0,0,1600,5,1075,13500
572,10950,,35230,Petrol,97,0,0,1400,3,1025,12950
573,11710,48,35142,Petrol,110,0,0,1600,3,1055,13710
574,9980,49,34890,Petrol,97,,0,1400,3,1025,11980
575,12250,51,34882,Petrol,110,1,0,1600,5,1075,14250
576,11500,46,34000,Petrol,110,1,0,1600,5,1075,13500
577,11950,56,33998,Petrol,110,0,0,1600,5,1080,13950
578,11500,55,33230,Petrol,110,0,0,1600,3,1050,13500
579,11900,46,33021,,110,1,0,1600,5,1080,13900
580,11930,49,31999,Petrol,97,0,0,1400,3,1030,13930
581,10500,,31579,Petrol,97,0,0,1400,3,1025,12500
582,8950,56,31000,Petrol,97,0,0,1400,3,1025,10950
583,10450,46,30806,Petrol,97,1,0,1400,5,1060,12450
584,10500,55,30461,Petrol,86,1,0,1300,5,1050,12500
585,12950,50,29686,Petrol,110,1,1,1600,3,1075,14950
586,9950,,29650,Petrol,86,,0,1300,3,1025,11950
587,12900,52,29500,Petrol,110,1,0,1600,3,1055,14900
588,9950,48,28656,Petrol,97,0,0,1400,3,1085,11950
589,9950,55,27500,Petrol,97,1,0,1400,3,1025,11950
590,10950,48,26938,Petrol,110,1,0,1600,3,1040,12950
591,10950,53,26624,Petrol,97,0,0,1400,5,1060,12950
592,9950,47,26221,Petrol,97,1,0,1400,3,1025,11950
593,10950,50,22648,Petrol,97,1,0,1400,5,1060,12950
594,10800,50,22500,Petrol,97,,0,1400,3,1025,12800
595,10500,56,19313,Petrol,97,0,0,1400,3,1025,12500
596,10450,50,17619,,110,,0,1600,4,1030,12450
597,10600,51,17069,Petrol,97,,0,1400,3,1025,12600
598,10450,48,15000,Petrol,97,1,0,1400,3,1025,12450
599,12950,50,10210,Petrol,97,0,0,1400,5,1065,14950
600,11250,47,5309,Petrol,110,,1,1600,3,1070,13250
601,7500,50,1,Diesel,90,1,0,2000,3,1260,9500
602,8950,52,31000,,97,,0,1398,3,1025,10950
603,6950,58,205000,Diesel,72,1,0,2000,4,1100,8950
604,7900,68,204250,Diesel,72,,0,2000,3,1115,9900
605,5950,68,194545,Petrol,86,0,0,1300,4,1000,7950
606,7500,59,190900,Diesel,72,1,0,2000,3,1115,9500
607,7500,62,183500,Diesel,72,1,0,2000,5,1140,9500
608,6900,65,176184,Diesel,72,1,0,2000,3,1115,8900
609,5751,67,174833,Diesel,72,0,0,2000,4,1100,7751
610,6950,68,155720,Petrol,86,,0,1300,3,1015,8950
611,7950,67,155500,,110,1,0,1600,5,1050,9950
612,7750,59,154783,Diesel,72,1,0,2000,3,1120,9750
613,7950,64,154462,Diesel,72,1,0,2000,5,1135,9950
614,8250,64,150585,Petrol,110,1,0,1600,3,1065,10250
615,6250,67,149000,Diesel,90,1,0,2000,5,1135,8250
616,9500,62,147636,,72,,0,2000,5,1135,11500
617,6900,59,144521,Diesel,72,1,0,2000,5,1135,8900
618,8450,64,144000,,110,1,0,1600,3,1065,10450
619,7350,65,140168,Diesel,72,1,0,2000,3,1115,9350
620,8950,68,140000,Petrol,110,1,0,1600,5,1085,10950
621,6900,60,139800,Diesel,72,0,0,2000,3,1115,8900
622,8950,59,137050,CNG,110,1,0,1600,3,1078,10950
623,8750,61,136956,Petrol,110,0,0,1600,3,1065,10750
624,7950,67,135337,CNG,110,1,0,1600,5,1120,9950
625,8950,64,133769,Diesel,72,1,0,2000,3,1120,10950
626,8950,58,133405,Diesel,72,1,0,2000,5,1135,10950
627,8950,65,132807,Diesel,72,1,0,2000,5,1135,10950
628,7950,64,132393,Diesel,72,0,0,2000,5,1135,9950
629,7750,60,130270,Petrol,110,0,0,1600,3,1050,9750
630,7500,59,130000,Diesel,72,1,0,2000,4,1135,9500
631,8950,67,127000,Diesel,,1,0,2000,5,1135,10950
632,9800,67,126800,Diesel,72,0,0,2000,5,1135,11800
633,9450,66,126452,Petrol,110,1,0,1600,5,1085,11450
634,8950,62,125175,Diesel,116,0,0,2000,5,1150,10950
635,8750,68,125000,Diesel,72,1,0,2000,3,1115,10750
636,10500,61,123000,Diesel,72,0,0,2000,5,1135,12500
637,7995,59,121626,Petrol,86,0,0,1300,5,1050,9995
638,10450,64,120400,,,0,0,1600,5,1090,12450
639,9950,66,120000,Diesel,72,0,0,2000,4,1100,11950
640,9950,68,119541,Petrol,110,0,0,1600,3,1055,11950
641,8950,68,119500,Petrol,110,,0,1600,5,1070,10950
642,7950,68,119289,Petrol,110,1,0,1600,4,1035,9950
643,10950,57,118833,Petrol,110,0,0,1600,3,1065,12950
644,9950,64,118000,Diesel,72,1,0,2000,5,1150,11950
645,8600,68,117955,Petrol,110,1,1,1600,4,1065,10600
646,7250,65,117609,Petrol,86,0,0,1300,3,1015,9250
647,6950,68,117000,Diesel,72,0,0,2000,3,1115,8950
648,8000,64,116000,Petrol,86,0,0,1300,5,1045,10000
649,9950,58,115715,Petrol,110,0,0,1600,5,1070,11950
650,9450,60,115191,CNG,110,,0,1600,4,1079,11450
651,7950,68,115071,Petrol,110,1,0,1600,3,1055,9950
652,9450,63,115000,CNG,110,0,0,1600,3,1109,11450
653,9950,64,114846,,110,1,0,1600,5,1075,11950
654,6950,65,114383,Diesel,90,0,0,2000,3,1260,8950
655,8250,59,113700,Petrol,110,1,0,1600,5,1065,10250
656,9950,67,113118,Petrol,86,1,0,1300,3,1020,11950
657,8250,59,112827,Petrol,86,1,0,1300,5,1040,10250
658,9950,68,112116,Petrol,110,1,0,1600,5,1070,11950
659,10500,66,112000,Petrol,110,1,0,1600,3,1065,12500
660,7950,62,112000,Diesel,72,0,0,2000,4,1135,9950
661,9750,65,111769,Petrol,110,0,0,1600,3,1065,11750
662,9250,61,110853,Petrol,110,1,0,1600,5,1070,11250
663,9500,68,110287,Petrol,110,1,0,1600,3,1050,11500
664,9950,62,109547,Petrol,110,,0,1600,5,1075,11950
665,7750,63,109230,Petrol,110,0,0,1600,3,1050,9750
666,9500,68,109150,Petrol,110,0,0,1600,5,1075,11500
667,9950,67,108793,Petrol,110,1,0,1600,4,1035,11950
668,9750,64,106784,Petrol,110,0,1,1600,3,1050,11750
669,9750,58,105942,Petrol,86,0,0,1300,5,1040,11750
670,5950,59,105000,Petrol,86,1,0,1300,3,1015,7950
671,8500,,105000,Petrol,86,0,0,1300,5,1040,10500
672,8495,68,104299,Petrol,110,1,0,1600,5,1085,10495
673,9250,67,104000,Petrol,86,0,0,1300,3,1020,11250
674,6900,,104000,Petrol,86,1,0,1300,3,1015,8900
675,8950,58,103458,Petrol,86,1,0,1300,3,1025,10950
676,9500,,103400,Petrol,110,1,0,1600,5,1075,11500
677,9250,63,102807,Petrol,86,0,0,1300,5,1055,11250
678,9895,68,102494,Petrol,110,0,0,1600,5,1090,11895
679,9950,57,102300,Diesel,72,1,0,2000,5,1135,11950
680,7950,61,102106,Petrol,110,0,0,1600,3,1050,9950
681,8750,68,101889,Petrol,110,1,0,1600,5,1075,10750
682,8250,57,101791,Diesel,72,0,0,2000,3,1115,10250
683,8950,63,101469,Petrol,110,1,0,1600,3,1065,10950
684,8950,68,101001,Petrol,110,0,0,1600,5,1075,10950
685,8950,61,100748,Petrol,110,,0,1600,5,1070,10950
686,8950,65,100550,Petrol,110,1,0,1600,5,1075,10950
687,9450,67,99781,Petrol,110,1,0,1600,5,1085,11450
688,8950,59,98658,Petrol,86,1,0,1300,3,1020,10950
689,9250,65,98500,Petrol,110,,0,1600,5,1075,11250
690,8750,64,98291,Petrol,86,0,0,1300,4,1000,10750
691,9950,61,97648,Petrol,110,1,0,1600,3,1065,11950
692,9950,,97425,Petrol,110,1,0,1600,5,1075,11950
693,9900,65,97173,Petrol,86,0,0,1300,3,1015,11900
694,8950,66,97046,Petrol,86,1,0,1300,4,1000,10950
695,8950,67,96000,Petrol,110,1,0,1600,3,1050,10950
696,12250,,96000,,72,,0,2000,4,1100,14250
697,9250,67,95750,Petrol,110,1,0,1600,5,1070,11250
698,10250,61,95147,,110,1,0,1600,3,1050,12250
699,8950,,95000,,110,0,0,1600,3,1050,10950
700,7999,65,95000,Petrol,110,1,0,1600,3,1050,9999
701,9900,66,94606,Petrol,110,0,0,1600,3,1065,11900
702,8250,63,94504,,86,1,0,1300,4,1000,10250
703,10500,65,93428,Petrol,110,1,0,1600,5,1075,12500
704,8450,65,93408,,86,0,0,1300,3,1015,10450
705,9900,68,93296,Petrol,110,1,0,1600,5,1090,11900
706,10500,62,93098,Petrol,110,1,0,1600,5,1075,12500
707,8500,67,92922,Diesel,72,1,0,2000,4,1100,10500
708,9500,61,92498,Petrol,110,,0,1600,3,1050,11500
709,9450,65,92226,Petrol,110,0,0,1600,3,1065,11450
710,9900,,91505,Diesel,72,0,0,2000,3,1115,11900
711,8250,,91333,Petrol,110,1,0,1600,3,1050,10250
712,8750,,91246,Petrol,86,1,0,1300,3,1015,10750
713,9500,58,91000,Petrol,110,,0,1600,5,1075,11500
714,8450,68,90727,Petrol,110,0,0,1600,3,1050,10450
715,8490,62,90000,Petrol,110,0,0,1600,3,1050,10490
716,8750,60,89576,Petrol,110,0,0,1600,4,1035,10750
717,9750,64,89145,Petrol,86,1,0,1300,3,1025,11750
718,9950,63,89000,Petrol,110,1,0,1600,5,1085,11950
719,8500,68,88807,Petrol,110,0,0,1600,3,1050,10500
720,8450,63,88685,Petrol,110,0,0,1600,5,1070,10450
721,7900,62,88667,Petrol,110,1,0,1600,4,1040,9900
722,8750,57,88480,Petrol,110,1,0,1600,3,1050,10750
723,7950,61,88127,Petrol,86,0,0,1300,3,1015,9950
724,6900,62,88000,,86,0,0,1300,3,1020,8900
725,8150,65,87821,Petrol,86,1,0,1300,3,1015,10150
726,10995,59,87654,Petrol,86,1,1,1300,5,1065,12995
727,8900,59,86888,Petrol,110,,0,1600,3,1050,10900
728,9500,59,86871,Petrol,86,1,0,1300,5,1040,11500
729,8950,68,86714,Petrol,110,1,0,1600,4,1035,10950
730,11500,65,85889,Petrol,110,,0,1600,3,1065,13500
731,10450,62,85000,Petrol,110,1,0,1600,3,1050,12450
732,10500,60,85000,Petrol,86,1,0,1300,3,1025,12500
733,9250,68,84976,Petrol,110,1,0,1600,4,1035,11250
734,10950,65,84558,Petrol,110,1,0,1600,5,1120,12950
735,10450,62,84549,Petrol,110,,0,1600,5,1075,12450
736,9250,68,84482,Petrol,110,1,0,1600,5,1075,11250
737,8750,62,83908,Petrol,110,1,0,1600,5,1070,10750
738,8750,67,83560,Petrol,86,0,0,1300,3,1015,10750
739,9800,68,83000,Petrol,107,1,1,1600,5,1100,11800
740,8250,64,82723,Petrol,86,0,0,1300,3,1015,10250
741,10450,62,82421,Petrol,110,1,0,1600,3,1065,12450
742,9750,58,82254,Petrol,110,0,0,1600,5,1050,11750
743,8950,61,82115,Petrol,110,1,0,1600,3,1055,10950
744,7450,65,82000,Petrol,86,,0,1300,3,1015,9450
745,8450,68,81965,Petrol,86,,0,1300,5,1035,10450
746,8250,,81250,Petrol,110,0,0,1600,3,1050,10250
747,10950,65,81192,Petrol,110,1,0,1600,3,1065,12950
748,8950,61,81170,Petrol,110,1,0,1600,4,1040,10950
749,8750,66,81083,Petrol,86,0,0,1300,3,1015,10750
750,10450,61,80714,Petrol,110,1,0,1600,5,1075,12450
751,10950,57,80470,,110,0,0,1600,5,1085,12950
752,8450,65,80439,Petrol,110,1,0,1600,4,1035,10450
753,9950,59,80430,Petrol,110,1,0,1600,3,1065,11950
754,9950,,80426,Petrol,110,1,0,1600,3,1055,11950
755,8750,62,80265,,86,0,0,1300,3,1015,10750
756,9950,65,80153,Petrol,110,0,0,1600,5,1070,11950
757,9500,68,80121,Petrol,110,0,0,1600,5,1070,11500
758,8250,65,80086,Petrol,110,1,0,1600,4,1035,10250
759,10950,62,80000,Petrol,110,,0,1600,5,1075,12950
760,7950,60,80000,,86,0,0,1300,5,1015,9950
761,8250,65,80000,Petrol,86,1,0,1300,2,1015,10250
762,9895,67,79858,Petrol,110,1,0,1600,4,1040,11895
763,9130,67,79762,Petrol,86,1,0,1300,3,1015,11130
764,10950,59,79660,Petrol,86,0,1,1300,5,1065,12950
765,10500,60,79150,Petrol,110,1,0,1600,5,1075,12500
766,8900,61,79000,Petrol,110,1,0,1600,3,1050,10900
767,9500,57,78955,Petrol,86,1,0,1300,5,1045,11500
768,10950,59,78750,Diesel,90,1,0,1975,5,1155,12950
769,7950,68,78521,Petrol,86,0,0,1300,3,1015,9950
770,7950,64,78356,Petrol,86,1,0,1300,3,1015,9950
771,7950,65,78076,Petrol,86,1,0,1300,3,1015,9950
772,9500,,78063,Petrol,107,,1,1600,5,1100,11500
773,10950,,77821,Petrol,110,1,0,1600,5,1075,12950
774,9750,68,77695,Petrol,110,,0,1600,4,1035,11750
775,9750,65,77500,Petrol,110,1,0,1600,3,1050,11750
776,9450,63,77457,Petrol,110,1,0,1600,3,1055,11450
777,8950,68,77029,Petrol,86,1,0,1300,3,1015,10950
778,8950,68,77008,Petrol,86,1,0,1300,3,1015,10950
779,8900,66,76791,Petrol,110,1,0,1600,5,1070,10900
780,9950,61,76700,Petrol,86,1,0,1300,5,1035,11950
781,8750,67,76569,Petrol,86,1,0,1300,3,1020,10750
782,8950,59,76162,Petrol,110,1,0,1600,5,1075,10950
783,8990,65,76155,Petrol,110,1,0,1600,4,1035,10990
784,8950,61,75609,Petrol,86,1,0,1300,3,1015,10950
785,8950,62,75569,Diesel,72,1,0,2000,3,1120,10950
786,9950,,75429,Petrol,110,1,0,1600,3,1065,11950
787,9900,68,75000,Petrol,110,1,0,1600,5,1075,11900
788,8950,65,75000,Petrol,86,0,0,1300,3,1015,10950
789,8950,62,75000,Petrol,110,1,0,1600,5,1070,10950
790,9500,66,74963,Petrol,107,0,1,1600,3,1085,11500
791,7950,68,74889,Petrol,86,1,0,1300,3,1015,9950
792,7750,,74875,Petrol,110,0,0,1600,5,1070,9750
793,8950,63,74747,,110,1,0,1600,5,1075,10950
794,11950,60,74720,Petrol,110,,0,1600,5,1085,13950
795,8950,62,74457,Petrol,110,0,0,1600,5,1075,10950
796,11950,60,74337,Petrol,86,0,0,1300,5,1035,13950
797,8950,68,74308,Petrol,110,0,0,1600,3,1050,10950
798,9950,64,74193,Petrol,110,,0,1600,3,1050,11950
799,8250,65,74179,Petrol,110,1,0,1600,3,1050,10250
800,8995,67,73936,Petrol,86,1,0,1300,5,1050,10995
801,9995,61,73894,Petrol,110,1,0,1600,3,1065,11995
802,9250,64,73500,Petrol,110,1,0,1600,3,1050,11250
803,10950,64,73376,Petrol,110,0,0,1600,5,1070,12950
804,8900,,73300,Petrol,86,1,0,1300,3,1015,10900
805,9500,,73172,Petrol,110,1,0,1600,5,1075,11500
806,9950,58,72928,Petrol,110,1,0,1600,5,1075,11950
807,7950,67,72880,Petrol,86,1,0,1332,3,1015,9950
808,8250,63,72522,Petrol,110,1,0,1600,3,1050,10250
809,9450,64,72000,Petrol,86,1,0,1300,3,1015,11450
810,7950,57,72000,Petrol,86,0,0,1300,3,1015,9950
811,9500,59,71366,Petrol,110,0,0,1600,3,1065,11500
812,8950,65,71317,Petrol,110,,0,1600,3,1050,10950
813,10950,62,71000,Petrol,110,0,0,1600,5,1070,12950
814,8950,60,70954,Petrol,110,0,0,1600,3,1050,10950
815,9450,63,70908,Petrol,86,0,0,1300,5,1035,11450
816,8000,58,70560,Petrol,110,1,0,1600,3,1050,10000
817,9900,67,70552,Petrol,110,0,0,1600,5,1075,11900
818,8950,62,70500,Petrol,110,1,0,1600,5,1035,10950
819,10900,60,70453,Diesel,72,0,0,2000,5,1135,12900
820,9450,59,70218,Petrol,110,1,0,1600,3,1050,11450
821,8450,64,70116,Petrol,110,1,0,1600,4,1035,10450
822,9500,65,70068,Petrol,110,1,0,1600,5,1075,11500
823,10500,67,70000,Petrol,107,1,1,1587,3,1065,12500
824,6950,68,70000,Petrol,86,1,0,1300,3,1015,8950
825,9750,68,69103,Petrol,110,0,0,1600,4,1035,11750
826,6950,58,69022,Petrol,86,1,0,1300,5,1035,8950
827,9650,67,69000,Petrol,110,1,0,1600,3,1065,11650
828,9950,68,68865,Petrol,110,1,0,1600,3,1065,11950
829,9250,58,68723,Petrol,86,0,0,1300,3,1025,11250
830,8950,63,68453,,110,1,0,1600,5,1070,10950
831,9900,63,68238,Petrol,86,0,0,1300,5,1050,11900
832,10995,63,68153,Petrol,110,1,0,1600,5,1085,12995
833,10500,65,68000,Petrol,110,0,0,1600,5,1075,12500
834,8950,65,68000,Petrol,86,1,0,1300,3,1015,10950
835,9750,67,67762,,110,,0,1600,3,1065,11750
836,10950,68,67146,Petrol,110,1,0,1600,5,1075,12950
837,9750,67,67110,Petrol,86,1,0,1300,5,1035,11750
838,9950,59,67010,,110,1,0,1600,3,1065,11950
839,10500,65,67003,Petrol,110,1,0,1600,4,1035,12500
840,10400,68,66785,Petrol,86,0,1,1300,3,1045,12400
841,8800,68,66550,Petrol,86,0,0,1332,3,1010,10800
842,10500,61,66259,Petrol,110,1,0,1600,3,1065,12500
843,9250,62,66082,Petrol,110,,0,1600,5,1070,11250
844,7800,65,66000,Petrol,86,1,0,1300,3,1015,9800
845,9950,61,66000,Petrol,110,0,0,1600,3,1050,11950
846,10750,63,65896,Petrol,110,1,0,1600,3,1065,12750
847,10950,67,65785,Petrol,110,,0,1600,5,1075,12950
848,9950,65,65513,Petrol,110,,1,1600,4,1070,11950
849,9950,59,65463,,110,1,0,1600,5,1070,11950
850,8100,,65400,Petrol,86,1,0,1300,4,1000,10100
851,9250,60,65259,Petrol,110,1,0,1600,3,1050,11250
852,7800,64,65000,Petrol,110,1,0,1600,3,1050,9800
853,9000,68,65000,Petrol,110,0,0,1600,5,1070,11000
854,8950,57,65000,,110,0,0,1600,4,1035,10950
855,8950,62,64966,Petrol,86,,0,1300,3,1020,10950
856,9950,68,64950,Petrol,110,1,0,1600,5,1075,11950
857,8500,60,64914,,110,,0,1600,5,1070,10500
858,7995,62,64797,Petrol,110,1,0,1600,5,1075,9995
859,8750,65,64772,Petrol,110,1,0,1600,3,1050,10750
860,9750,63,64690,Petrol,86,0,0,1300,3,1020,11750
861,10950,65,64630,Petrol,110,0,0,1600,5,1070,12950
862,9750,67,64613,Petrol,110,1,0,1600,5,1085,11750
863,8200,60,64383,Petrol,86,,0,1300,3,1015,10200
864,8950,68,64000,Petrol,110,,0,1600,5,1075,10950
865,9500,66,63881,Petrol,86,0,0,1300,3,1015,11500
866,10950,58,63870,Diesel,72,0,0,2000,5,1135,12950
867,9750,66,63328,Petrol,86,0,1,1300,5,1065,11750
868,9950,65,63000,Petrol,86,1,1,1300,5,1065,11950
869,10450,,63000,Petrol,86,0,1,1300,3,1050,12450
870,9850,65,62396,Petrol,110,0,0,1600,3,1050,11850
871,9450,62,62377,Petrol,110,1,0,1600,5,1075,11450
872,10295,67,62316,Petrol,110,1,0,1600,3,1050,12295
873,9750,68,62292,Petrol,110,1,0,1600,3,1065,11750
874,8950,65,62225,Petrol,110,1,0,1600,3,1050,10950
875,9900,68,62222,Petrol,110,0,0,1600,5,1075,11900
876,8750,66,62135,Petrol,86,,0,1300,5,1035,10750
877,9950,58,62024,Petrol,110,1,0,1600,5,1075,11950
878,8500,60,61977,Petrol,86,1,0,1300,3,1015,10500
879,9950,62,61930,Petrol,110,,0,1600,4,1035,11950
880,10950,57,61682,Petrol,110,0,0,1600,3,1050,12950
881,9795,68,61568,Petrol,110,1,0,1600,4,1035,11795
882,8750,68,61504,Petrol,110,1,0,1600,4,1035,10750
883,8250,65,61384,Petrol,110,1,0,1600,3,1050,10250
884,9950,58,61343,Petrol,110,1,0,1600,5,1075,11950
885,9950,62,61254,Petrol,110,0,0,1600,5,1075,11950
886,10500,59,61166,Petrol,110,1,0,1600,3,1050,12500
887,9750,62,61149,Petrol,86,1,0,1300,5,1040,11750
888,11250,61,61144,Petrol,110,1,0,1600,5,1090,13250
889,8900,59,61127,Petrol,110,1,0,1600,3,1050,10900
890,7950,60,61100,,86,1,0,1300,3,1015,9950
891,11500,68,61100,Petrol,110,1,0,1600,5,1075,13500
892,9450,57,61000,Petrol,110,,0,1600,3,1050,11450
893,7995,65,60724,Petrol,86,1,0,1300,3,1015,9995
894,10995,59,60708,Petrol,86,1,0,1300,5,1045,12995
895,8950,61,60532,Petrol,110,1,0,1600,3,1050,10950
896,8250,,60000,Petrol,86,0,1,1300,4,1030,10250
897,8950,66,60000,Petrol,86,1,0,1300,3,1015,10950
898,8950,65,60000,,86,1,0,1300,3,1015,10950
899,9500,62,59295,,86,0,0,1300,5,1035,11500
900,7500,65,59264,Petrol,86,0,0,1300,3,1015,9500
901,8950,63,59000,Petrol,110,0,0,1600,3,1050,10950
902,9950,63,59000,Petrol,86,1,0,1300,5,1035,11950
903,9750,65,59000,Petrol,110,0,0,1600,5,1075,11750
904,9450,61,59000,Petrol,110,1,0,1600,5,1070,11450
905,9950,65,59000,,110,0,0,1600,3,1050,11950
906,9750,68,58860,Petrol,110,1,0,1600,3,1055,11750
907,8950,65,58829,Petrol,110,0,0,1600,3,1050,10950
908,8250,66,58654,Petrol,110,1,0,1600,5,1070,10250
909,7750,65,58300,Petrol,86,1,0,1300,3,1015,9750
910,8950,60,58269,Petrol,110,,0,1600,3,1050,10950
911,9950,64,58136,Petrol,110,1,0,1600,5,1075,11950
912,9450,66,58113,Petrol,107,1,1,1600,3,1085,11450
913,12950,67,58058,Petrol,110,1,0,1600,3,1065,14950
914,9950,58,58000,Petrol,110,1,0,1600,3,1050,11950
915,10495,62,58000,Petrol,110,1,0,1600,3,1065,12495
916,7950,68,57565,Petrol,86,,0,1300,5,1035,9950
917,10500,63,57413,Petrol,107,0,1,1600,5,1115,12500
918,8950,65,57374,Petrol,110,1,0,1600,5,1075,10950
919,9900,62,57179,Petrol,110,1,0,1600,5,1075,11900
920,9995,61,57169,Petrol,110,1,0,1600,3,1065,11995
921,9950,63,57124,Petrol,110,1,0,1600,3,1065,11950
922,9950,63,57000,Petrol,110,,0,1600,3,1050,11950
923,8250,67,57000,Petrol,110,0,0,1600,3,1050,10250
924,9950,63,57000,Petrol,86,1,0,1300,5,1035,11950
925,8950,59,56259,Petrol,86,0,0,1300,3,1015,10950
926,10950,62,56209,Petrol,107,1,1,1600,3,1080,12950
927,9250,67,56074,Petrol,86,0,0,1300,4,1000,11250
928,9950,63,55942,Petrol,110,1,0,1600,5,1070,11950
929,9995,57,55844,Petrol,86,1,0,1300,5,1045,11995
930,8750,61,55747,Petrol,86,0,0,1300,3,1020,10750
931,10950,58,55478,Petrol,86,0,0,1300,5,1045,12950
932,10350,,55085,Petrol,107,0,1,1600,5,1105,12350
933,9950,65,55061,Petrol,110,1,0,1600,5,1070,11950
934,8950,65,55000,Petrol,86,1,0,1300,3,1015,10950
935,10950,57,55000,Petrol,110,0,0,1600,5,1075,12950
936,10950,63,54936,Petrol,110,1,0,1600,5,1075,12950
937,8950,68,54875,Petrol,110,1,0,1600,5,1070,10950
938,8900,67,54847,Petrol,110,0,0,1600,3,1050,10900
939,10250,60,54554,Petrol,110,,0,1600,3,1065,12250
940,9450,61,54125,Petrol,110,1,0,1600,5,1035,11450
941,9250,61,54000,Petrol,110,1,0,1600,3,1055,11250
942,10500,57,54000,Petrol,110,1,0,1600,5,1075,12500
943,7350,58,54000,Petrol,86,0,0,1300,5,1035,9350
944,10250,57,54000,Petrol,110,1,0,1600,3,1135,12250
945,10250,62,53285,Petrol,110,1,0,1600,5,1075,12250
946,11500,65,53053,,110,1,0,1600,5,1075,13500
947,8950,68,53000,Petrol,110,1,1,1587,3,1075,10950
948,7750,,53000,Petrol,86,0,0,1300,3,1015,9750
949,9500,64,52968,Petrol,110,1,0,1600,3,1050,11500
950,8450,67,52800,Petrol,86,1,0,1300,3,1015,10450
951,8950,57,52548,Petrol,110,0,0,1600,3,1050,10950
952,8400,60,52487,Petrol,110,1,0,1600,4,1035,10400
953,9250,66,52383,Petrol,86,0,0,1300,3,1015,11250
954,8900,61,52112,Petrol,110,1,0,1600,4,1035,10900
955,8750,58,51712,Petrol,110,0,0,1600,3,1050,10750
956,10950,58,51421,Petrol,110,0,1,1600,5,1105,12950
957,8950,61,51235,Petrol,86,1,0,1300,4,1000,10950
958,8950,65,51000,,86,1,0,1300,3,1015,10950
959,8895,61,50925,Petrol,110,1,0,1600,5,1070,10895
960,9390,66,50806,Petrol,86,0,0,1300,3,1480,11390
961,8750,59,50469,Petrol,110,1,0,1600,5,1070,10750
962,9750,61,50173,Petrol,110,1,0,1600,5,1075,11750
963,9950,62,50000,Petrol,110,1,0,1600,5,1075,11950
964,10950,65,49942,,110,0,0,1600,3,1065,12950
965,9900,67,49585,Petrol,110,0,0,1600,5,1085,11900
966,9500,62,49258,Petrol,110,1,0,1600,4,1035,11500
967,9950,61,49000,Petrol,110,0,0,1600,3,1050,11950
968,9950,63,48738,Petrol,110,0,0,1600,5,1055,11950
969,10500,62,47750,Petrol,86,1,0,1300,5,1040,12500
970,9950,63,47612,Petrol,86,0,0,1300,3,1015,11950
971,10495,68,47500,Petrol,86,,0,1300,5,1035,12495
972,9500,,47237,Petrol,110,0,0,1600,3,1050,11500
973,8500,58,47171,Petrol,86,1,0,1300,3,1015,10500
974,10450,60,47060,Petrol,110,0,0,1600,4,1035,12450
975,8950,65,47014,Petrol,86,,0,1300,3,1015,10950
976,9900,59,46929,Petrol,86,1,0,1300,3,1025,11900
977,8900,,46000,Petrol,86,0,0,1300,5,1035,10900
978,8745,65,45681,Petrol,110,0,0,1600,3,1050,10745
979,8750,65,45549,Petrol,86,,0,1300,3,1015,10750
980,10750,57,45000,Petrol,110,1,0,1600,5,1050,12750
981,9750,57,45000,,110,1,0,1600,3,1050,11750
982,8850,65,45000,Petrol,110,0,0,1600,5,1075,10850
983,7950,66,45000,Petrol,86,1,0,1300,5,1035,9950
984,9450,63,45000,Petrol,110,1,0,1600,4,1035,11450
985,9950,61,45000,Petrol,107,0,1,1600,3,1085,11950
986,8250,63,44944,Petrol,110,,0,1600,4,1035,10250
987,9950,61,44597,Petrol,86,,0,1300,3,1015,11950
988,9995,,44458,Petrol,86,0,0,1300,3,1015,11995
989,9950,59,43818,Petrol,110,0,0,1600,5,1070,11950
990,10495,60,43426,Petrol,110,1,0,1600,5,1070,12495
991,7950,,43000,,110,,1,1600,4,1114,9950
992,8950,68,43000,Petrol,110,1,0,1600,5,1035,10950
993,9695,57,43000,Petrol,110,0,0,1600,5,1075,11695
994,7750,64,43000,Petrol,86,,0,1300,3,1015,9750
995,9950,68,42750,,110,,0,1600,3,1050,11950
996,9950,67,42102,Petrol,110,,0,1600,5,1075,11950
997,9950,63,41586,Petrol,110,1,0,1600,5,1114,11950
998,9900,64,41200,Petrol,110,,0,1600,5,1070,11900
999,10950,57,40214,Petrol,86,0,0,1300,3,1025,12950
1000,8950,60,40000,Petrol,86,1,0,1300,4,1000,10950
1001,8950,66,39222,,86,1,1,1300,3,1045,10950
1002,8250,66,39144,Petrol,110,1,0,1600,3,1050,10250
1003,10250,62,39000,Petrol,110,1,0,1600,5,1075,12250
1004,8750,61,38019,Petrol,110,1,0,1600,5,1070,10750
1005,9750,,37759,Petrol,110,1,0,1600,5,1070,11750
1006,10950,61,37500,Petrol,110,0,0,1600,5,1085,12950
1007,10950,60,37111,Petrol,110,1,0,1600,3,1050,12950
1008,9750,62,37000,Petrol,86,0,0,1300,3,1015,11750
1009,8900,59,36954,Petrol,110,1,0,1600,3,1050,10900
1010,9500,60,36943,Petrol,110,0,0,1600,5,1070,11500
1011,9950,63,36923,Petrol,86,0,0,1300,5,1050,11950
1012,9950,66,36658,Petrol,110,0,0,1600,3,1050,11950
1013,8250,65,36000,Petrol,86,1,0,1300,3,1015,10250
1014,10450,65,36000,Petrol,110,,0,1600,3,1065,12450
1015,10950,62,35512,Petrol,110,1,0,1600,3,1065,12950
1016,9250,65,35283,Petrol,86,1,0,1300,3,1015,11250
1017,8900,68,35000,Petrol,110,1,0,1600,3,1050,10900
1018,10900,57,35000,Petrol,86,1,0,1300,5,1045,12900
1019,9750,64,34114,Petrol,110,0,0,1600,3,1050,11750
1020,11950,58,34000,Petrol,110,0,0,1600,5,1075,13950
1021,7900,68,33847,Petrol,86,1,0,1300,4,1000,9900
1022,10900,57,33535,Petrol,110,0,0,1600,4,1035,12900
1023,10450,65,33000,Petrol,110,0,0,1600,3,1050,12450
1024,10950,59,32150,Petrol,110,1,0,1600,5,1085,12950
1025,9950,65,31588,Petrol,86,1,0,1300,3,1015,11950
1026,10750,,31480,Petrol,110,1,0,1600,3,1065,12750
1027,9900,57,31307,Petrol,110,1,0,1600,5,1070,11900
1028,10750,68,31000,Petrol,110,1,0,1600,4,1035,12750
1029,10450,58,30634,Petrol,110,1,0,1600,5,1075,12450
1030,9450,68,30300,Petrol,86,1,0,1300,4,1000,11450
1031,10750,60,28500,,86,1,1,1300,3,1045,12750
1032,10950,60,28500,Petrol,110,0,0,1600,5,1075,12950
1033,10000,57,28000,Petrol,86,,0,1300,3,1015,12000
1034,10500,68,26698,Petrol,110,0,0,1600,3,1055,12500
1035,12500,62,26000,Petrol,107,,1,1600,3,1085,14500
1036,8950,62,25505,Petrol,86,1,0,1300,5,1035,10950
1037,10500,58,25000,Petrol,110,1,0,1600,5,1075,12500
1038,9245,66,22835,Petrol,110,1,0,1600,3,1050,11245
1039,10950,59,22705,,110,1,0,1600,5,1075,12950
1040,9500,,22178,Petrol,86,1,0,1300,3,1015,11500
1041,10900,62,17345,,110,1,0,1600,3,1050,12900
1042,10950,67,15535,Petrol,86,,1,1300,4,1030,12950
1043,9450,66,15110,Petrol,86,0,0,1300,5,1035,11450
1044,5900,73,232940,Diesel,72,0,0,2000,5,1172,7900
1045,6950,79,218118,Diesel,72,0,0,2000,5,1150,8950
1046,6000,78,217764,Diesel,72,1,0,2000,5,1135,8000
1047,5250,79,207114,CNG,110,1,0,1600,5,1114,7250
1048,4400,74,203254,Diesel,72,1,0,2000,3,1135,6400
1049,6750,77,,Diesel,72,1,0,2000,4,1100,8750
1050,8500,69,197501,Diesel,72,0,0,2000,5,1135,10500
1051,6150,80,194765,Diesel,72,0,0,2000,3,1120,8150
1052,6950,76,191620,Diesel,72,0,0,2000,5,1150,8950
1053,5750,76,183277,Diesel,72,0,0,2000,3,1115,7750
1054,8750,78,180378,,72,1,0,2000,4,1100,10750
1055,6500,70,178800,Diesel,72,0,0,2000,3,1115,8500
1056,5950,73,176177,Petrol,110,,0,1600,5,1075,7950
1057,6500,78,176000,Petrol,86,0,0,1300,5,1035,8500
1058,10500,77,172980,Diesel,72,,0,2000,5,1135,12500
1059,8500,77,170000,Diesel,72,0,0,2000,4,1100,10500
1060,7950,71,164000,Petrol,110,1,0,1600,3,1050,9950
1061,5800,78,161775,Petrol,86,,0,1300,3,1015,7800
1062,6750,80,160000,Petrol,86,0,0,1300,3,1015,8750
1063,6950,78,159968,Diesel,72,0,0,2000,3,1115,8950
1064,5740,74,159908,Petrol,110,0,0,1600,3,1050,7740
1065,6550,73,158492,Petrol,86,0,0,1300,3,1015,8550
1066,8950,69,156204,Diesel,72,1,0,2000,3,1115,10950
1067,6750,73,156169,Petrol,86,1,0,1300,5,1035,8750
1068,7950,78,155210,Petrol,110,0,0,1600,3,1050,9950
1069,7950,69,155000,Diesel,72,0,0,2000,3,1115,9950
1070,7450,76,154900,Diesel,72,1,0,2000,5,1140,9450
1071,7750,70,151300,Diesel,72,1,0,2000,5,1150,9750
1072,6450,71,151000,CNG,110,1,0,1600,5,1094,8450
1073,7900,75,150000,Diesel,72,1,0,2000,3,1135,9900
1074,6900,69,146304,Diesel,72,,0,2000,3,1115,8900
1075,5600,75,146197,Petrol,86,0,0,1300,3,1015,7600
1076,5950,77,145996,Petrol,110,0,0,1600,4,1035,7950
1077,6950,80,143560,Petrol,86,1,1,1300,3,1045,8950
1078,7950,71,139145,Diesel,73,0,0,2000,2,1115,9950
1079,8950,,138500,Petrol,86,0,0,1300,5,1050,10950
1080,7950,74,137741,Diesel,90,1,0,2000,5,1135,9950
1081,9500,80,137178,Diesel,90,1,0,2000,5,1135,11500
1082,8600,,134889,Diesel,72,1,0,2000,3,1115,10600
1083,5950,71,134660,Diesel,72,0,0,2000,5,1135,7950
1084,7750,73,134539,Petrol,110,,0,1600,5,1070,9750
1085,7950,79,131500,Diesel,72,0,0,2000,5,1140,9950
1086,6950,77,131307,Petrol,110,,0,1600,3,1050,8950
1087,7250,74,130025,Petrol,110,1,0,1600,3,1050,9250
1088,6500,78,130000,Petrol,86,,0,1300,5,1015,8500
1089,7250,77,128960,Petrol,110,1,0,1600,5,1070,9250
1090,9250,80,128351,,110,1,0,1600,5,1070,11250
1091,8250,73,128006,Petrol,110,1,0,1600,3,1050,10250
1092,7250,71,127159,Diesel,72,1,0,2000,3,1115,9250
1093,5250,72,126478,Petrol,110,1,0,1600,4,1035,7250
1094,7900,77,126000,Petrol,110,1,0,1600,5,1050,9900
1095,6900,76,125778,Petrol,110,0,0,1600,3,1050,8900
1096,7900,75,125400,Petrol,110,0,0,1600,3,1050,9900
1097,7250,74,124910,Diesel,72,0,0,2000,5,1135,9250
1098,8450,70,124743,Petrol,110,1,0,1600,3,1050,10450
1099,7950,,124591,Petrol,110,1,0,1600,5,1075,9950
1100,7950,74,124057,Petrol,110,1,0,1600,3,1050,9950
1101,6450,72,123403,Petrol,110,1,0,1600,3,1050,8450
1102,6650,75,123104,Petrol,110,1,0,1600,5,1070,8650
1103,7950,74,123077,Petrol,86,,0,1300,3,1015,9950
1104,7250,80,122820,Petrol,86,0,0,1300,5,1040,9250
1105,7450,77,122290,Petrol,110,0,0,1600,3,1050,9450
1106,7950,74,121900,Petrol,110,1,0,1600,4,1035,9950
1107,7250,,121545,Petrol,110,1,0,1600,5,1070,9250
1108,8250,71,120474,Diesel,72,,0,2000,3,1115,10250
1109,8950,76,120263,Diesel,72,1,0,2000,5,1135,10950
1110,7750,74,120196,Petrol,110,1,0,1600,3,1050,9750
1111,8500,71,120000,Petrol,110,0,0,1600,5,1085,10500
1112,7750,78,120000,Petrol,110,0,0,1600,5,1075,9750
1113,5750,73,115877,Petrol,110,0,0,1600,4,1035,7750
1114,6900,76,115345,Petrol,110,1,0,1600,5,1070,8900
1115,6500,,115157,Petrol,110,1,0,1600,3,1050,8500
1116,6500,78,115000,Petrol,107,1,1,1600,5,1100,8500
1117,7600,77,114258,Petrol,86,1,0,1300,5,1050,9600
1118,8950,73,112963,Diesel,72,1,0,2000,5,1135,10950
1119,7450,74,112307,Petrol,110,1,0,1600,5,1070,9450
1120,7350,72,,Petrol,86,1,0,1300,3,1015,9350
1121,7750,73,111602,Petrol,86,,0,1300,3,1015,9750
1122,7460,80,111392,CNG,110,0,0,1598,3,1083,9460
1123,9250,76,110901,Petrol,110,1,0,1600,5,1085,11250
1124,7250,80,110887,Petrol,110,1,0,1600,3,1055,9250
1125,6500,72,110634,Petrol,86,1,0,1300,3,1015,8500
1126,6800,80,110000,Petrol,110,1,0,1600,4,1035,8800
1127,8700,75,109540,Petrol,110,0,0,1600,5,1085,10700
1128,7500,,109263,Petrol,110,0,0,1600,5,1070,9500
1129,7750,71,107516,Petrol,110,,0,1600,3,1050,9750
1130,7950,73,107108,Petrol,110,1,0,1600,3,1050,9950
1131,9950,75,107000,Petrol,110,1,0,1600,3,1050,11950
1132,6640,74,106250,Petrol,110,0,0,1600,5,1070,8640
1133,8750,71,106150,Petrol,86,0,0,1300,3,1015,10750
1134,7750,72,106108,Petrol,110,,0,1600,3,1050,9750
1135,5950,72,105856,Petrol,86,0,0,1300,3,1015,7950
1136,6750,77,105152,Petrol,86,0,0,1300,3,1015,8750
1137,6500,80,105135,Petrol,110,1,0,1600,3,1050,8500
1138,8750,76,104344,Petrol,110,1,0,1600,3,1050,10750
1139,7950,74,104150,Petrol,110,1,0,1600,3,1050,9950
1140,6750,74,104000,Petrol,86,1,0,1300,3,1010,8750
1141,7950,73,103121,Petrol,86,1,0,1300,5,1035,9950
1142,7950,80,102300,Petrol,86,1,0,1300,3,1015,9950
1143,8950,75,102005,Petrol,107,1,1,1600,5,1105,10950
1144,7750,77,102000,Petrol,86,1,0,1300,3,1015,9750
1145,6450,75,101855,Petrol,110,1,0,1600,5,1070,8450
1146,6900,74,101773,Petrol,110,0,0,1600,3,1050,8900
1147,8450,75,101159,Petrol,110,1,0,1600,5,1085,10450
1148,6750,74,101000,Petrol,86,0,0,1300,3,1015,8750
1149,8050,74,100732,Petrol,86,1,1,1300,4,1030,10050
1150,9500,79,100719,Petrol,110,0,0,1600,5,1070,11500
1151,7750,78,100487,Petrol,110,0,0,1600,4,1035,9750
1152,8500,80,100458,Petrol,110,0,0,1600,5,1085,10500
1153,7795,75,100192,Petrol,110,1,0,1600,3,1050,9795
1154,6490,80,100123,Petrol,110,1,0,1600,3,1050,8490
1155,7950,73,99971,Petrol,110,1,0,1600,3,1050,9950
1156,6425,79,99397,Petrol,86,0,0,1300,5,1035,8425
1157,8950,69,99374,Petrol,86,1,0,1300,5,1035,10950
1158,6950,72,99245,Petrol,110,1,0,1600,5,1114,8950
1159,8750,79,98742,Petrol,110,0,0,1600,5,1085,10750
1160,8450,71,98154,Petrol,110,1,0,1600,3,1050,10450
1161,7950,77,98000,Petrol,110,1,0,1600,5,1065,9950
1162,7950,80,97548,Petrol,86,0,0,1300,5,1035,9950
1163,8900,78,97534,Petrol,110,1,0,1600,5,1070,10900
1164,8950,73,97494,Petrol,110,1,0,1600,5,1085,10950
1165,8900,73,97085,Petrol,110,1,0,1600,5,1085,10900
1166,7950,69,97000,Petrol,110,0,0,1600,4,1035,9950
1167,6495,74,96302,Petrol,86,1,0,1300,3,1015,8495
1168,7250,78,96000,Petrol,86,1,0,1300,3,1015,9250
1169,9250,,96000,Petrol,110,1,0,1600,5,1085,11250
1170,6650,78,95909,Petrol,110,1,0,1600,5,1070,8650
1171,6990,79,95700,Petrol,110,0,0,1600,5,1085,8990
1172,7750,78,95651,Petrol,110,1,0,1600,5,1070,9750
1173,6950,79,95000,,86,1,0,1300,5,1035,8950
1174,7250,80,94447,Petrol,110,0,0,1600,3,1050,9250
1175,9950,,94079,Petrol,110,1,0,1600,5,1085,11950
1176,9250,,93841,Petrol,110,0,0,1600,5,1070,11250
1177,7200,79,93090,,86,1,0,1300,5,1035,9200
1178,8250,72,93066,Petrol,110,1,0,1600,5,1075,10250
1179,8950,79,93039,Petrol,110,1,0,1600,3,1050,10950
1180,8250,77,93000,,110,1,0,1600,5,1075,10250
1181,6250,80,92830,Petrol,86,1,0,1300,3,1015,8250
1182,9900,80,92255,Petrol,107,0,1,1600,5,1105,11900
1183,7300,80,92096,Petrol,86,1,0,1300,5,1035,9300
1184,8950,72,91921,Petrol,86,1,0,1300,3,1020,10950
1185,6500,70,91900,Petrol,86,1,0,1300,3,1015,8500
1186,7950,78,91399,Petrol,110,1,0,1600,5,1070,9950
1187,7450,75,91082,Petrol,110,,0,1600,3,1050,9450
1188,7950,71,90370,Petrol,86,1,0,1300,5,1035,9950
1189,8500,78,90345,Petrol,86,1,0,1300,5,1035,10500
1190,6950,77,90305,Petrol,86,1,0,1300,3,1015,8950
1191,7950,78,90011,Petrol,86,0,1,1300,3,1045,9950
1192,6750,77,90000,,86,1,0,1300,3,1015,8750
1193,8450,70,89983,Petrol,110,0,0,1600,3,1055,10450
1194,7500,78,89953,Petrol,110,0,0,1600,5,1114,9500
1195,8750,74,89800,Diesel,72,1,0,2000,3,1115,10750
1196,8750,79,89739,Petrol,86,1,0,1300,5,1035,10750
1197,8950,76,89520,Petrol,110,1,0,1600,3,1050,10950
1198,7450,,89507,Petrol,86,0,0,1300,3,1015,9450
1199,9200,69,89096,Petrol,110,1,0,1600,5,1085,11200
1200,8950,74,88700,Petrol,110,1,0,1600,3,1050,10950
1201,7850,72,88500,Petrol,110,,0,1600,5,1075,9850
1202,6950,73,88186,Diesel,72,1,0,2000,3,1115,8950
1203,7200,75,88000,Petrol,110,1,0,1600,3,1050,9200
1204,7450,78,87743,Petrol,110,0,0,1600,3,1055,9450
1205,6750,75,87613,Petrol,86,0,0,1300,3,1015,8750
1206,7500,73,87358,Petrol,110,1,0,1600,3,1050,9500
1207,7450,,87083,Petrol,110,0,0,1600,4,1035,9450
1208,7950,70,87000,Petrol,110,,0,1600,4,1035,9950
1209,7250,78,87000,Petrol,110,1,0,1600,4,1035,9250
1210,7950,,87000,Petrol,86,1,0,1300,3,1015,9950
1211,8250,80,87000,Petrol,86,1,0,1300,3,1015,10250
1212,8250,72,86860,Petrol,110,0,0,1600,5,1075,10250
1213,6750,80,86109,Petrol,110,1,0,1600,3,1055,8750
1214,8750,79,86000,,86,1,0,1300,5,1040,10750
1215,8950,80,86000,Petrol,110,0,0,1600,3,1050,10950
1216,8500,70,85864,Diesel,72,1,0,2000,5,1135,10500
1217,8250,80,85565,Petrol,110,0,0,1600,5,1070,10250
1218,9450,70,85470,Petrol,107,0,1,1600,3,1080,11450
1219,7950,73,85200,Petrol,110,1,0,1600,3,1050,9950
1220,7900,70,85000,Petrol,110,1,0,1600,3,1055,9900
1221,8500,73,84988,Petrol,110,1,0,1600,3,1050,10500
1222,8250,79,84966,Petrol,110,0,0,1600,5,1070,10250
1223,8250,76,84472,Petrol,110,1,0,1600,5,1070,10250
1224,8950,73,84402,Petrol,110,1,0,1600,4,1035,10950
1225,7950,74,84123,Petrol,110,0,0,1600,3,1050,9950
1226,6950,,84000,Petrol,110,0,0,1600,5,1075,8950
1227,7250,78,84000,Petrol,110,1,0,1600,5,1065,9250
1228,7750,77,84000,Petrol,110,1,0,1600,5,1085,9750
1229,8700,75,83850,Petrol,110,,0,1600,3,1055,10700
1230,8950,,83540,Petrol,110,1,0,1600,5,1070,10950
1231,6750,76,83405,Petrol,110,1,0,1600,5,1070,8750
1232,7500,71,83291,Petrol,110,1,0,1600,5,1070,9500
1233,7950,69,83133,Petrol,86,0,0,1300,3,1015,9950
1234,8950,71,83047,,86,1,1,1300,3,1045,10950
1235,7950,71,82700,Petrol,110,0,0,1600,3,1050,9950
1236,7450,,82675,Petrol,86,0,0,1300,3,1015,9450
1237,5950,78,82595,,86,1,0,1300,3,1015,7950
1238,7750,75,82256,Petrol,110,1,0,1600,3,1050,9750
1239,6950,77,82103,Petrol,86,1,0,1300,3,1015,8950
1240,8750,80,82021,Petrol,86,1,0,1300,5,1035,10750
1241,8950,71,82000,,110,1,0,1600,5,1075,10950
1242,7495,79,81988,Petrol,110,1,0,1600,5,1070,9495
1243,7750,76,81930,Petrol,110,,0,1600,5,1070,9750
1244,6950,70,81663,,110,0,0,1600,3,1050,8950
1245,7990,77,80486,Petrol,,1,0,1600,5,1070,9990
1246,7250,78,80000,Petrol,110,1,0,1600,4,1065,9250
1247,6900,69,79000,Petrol,86,0,0,1300,3,1015,8900
1248,7750,74,78894,Petrol,110,0,0,1600,5,1070,9750
1249,7250,,78689,Petrol,110,0,0,1600,4,1035,9250
1250,8950,77,78435,Petrol,86,0,0,1300,3,1015,10950
1251,8500,71,78260,Petrol,110,0,0,1600,3,1050,10500
1252,7950,72,78120,,110,1,0,1600,5,1075,9950
1253,6950,77,77000,Petrol,86,,0,1300,3,1015,8950
1254,8000,,77000,Petrol,110,0,0,1600,3,1050,10000
1255,7950,75,76382,Petrol,110,,0,1600,3,1055,9950
1256,8500,76,76268,Petrol,86,1,0,1300,3,1015,10500
1257,7490,73,76151,Petrol,86,1,0,1300,3,1015,9490
1258,8250,80,76000,Petrol,110,,0,1600,3,1050,10250
1259,9250,71,76000,Petrol,110,1,0,1600,5,1070,11250
1260,7950,72,75840,Petrol,86,0,0,1300,5,1035,9950
1261,9500,77,75799,Petrol,110,1,0,1600,3,1050,11500
1262,8950,72,75525,Petrol,110,1,0,1600,3,1114,10950
1263,8450,78,75323,Petrol,86,1,0,1300,5,1050,10450
1264,7995,79,75322,Petrol,110,1,0,1600,4,1115,9995
1265,8750,78,75226,Petrol,110,0,0,1600,4,1035,10750
1266,5950,71,75085,Petrol,86,0,0,1300,5,1035,7950
1267,8500,73,75000,Petrol,110,0,0,1600,5,1075,10500
1268,8950,69,75000,Petrol,86,1,0,1300,4,1000,10950
1269,8750,69,75000,Petrol,86,1,0,1300,4,1000,10750
1270,7600,78,74926,Petrol,110,1,0,1600,5,1075,9600
1271,7145,80,74785,Petrol,110,1,0,1600,5,1070,9145
1272,8450,69,74573,Petrol,110,1,0,1600,5,1085,10450
1273,5950,,74567,Petrol,86,1,0,1300,3,1015,7950
1274,9000,80,74196,Petrol,110,,0,1600,5,1075,11000
1275,7250,80,74151,Petrol,110,1,0,1600,3,1050,9250
1276,7400,75,74096,Petrol,110,1,0,1600,3,1050,9400
1277,8800,79,74093,Petrol,110,1,0,1600,5,1075,10800
1278,7750,71,74000,Petrol,110,0,0,1600,3,1050,9750
1279,7500,75,74000,Petrol,86,1,0,1300,3,1015,9500
1280,8450,78,73638,Petrol,86,1,1,1300,4,1015,10450
1281,7400,,73460,Petrol,110,1,0,1600,5,1070,9400
1282,7500,80,73200,Petrol,110,1,0,1600,5,1070,9500
1283,8950,76,73116,Petrol,110,1,0,1600,5,1075,10950
1284,8950,,73014,Petrol,110,,0,1600,5,1075,10950
1285,7950,77,72703,Petrol,110,1,0,1600,3,1050,9950
1286,7950,79,72328,Petrol,110,1,0,1600,5,1075,9950
1287,7950,78,72222,Petrol,110,1,0,1600,5,1070,9950
1288,8950,71,72128,Petrol,107,1,1,1600,5,1100,10950
1289,7750,78,72090,Petrol,110,1,0,1600,5,1070,9750
1290,8250,78,72000,Petrol,110,1,0,1600,4,1035,10250
1291,7950,78,72000,Petrol,110,0,0,1600,3,1055,9950
1292,7750,77,71900,Petrol,86,1,0,1300,3,1015,9750
1293,8500,77,71825,Petrol,110,0,0,1600,5,1075,10500
1294,6950,80,71740,Petrol,110,1,0,1600,5,1070,8950
1295,7500,80,71500,Petrol,110,1,0,1600,4,1035,9500
1296,7750,79,71359,Petrol,110,1,0,1600,3,1050,9750
1297,5950,79,71263,Petrol,86,,0,1300,3,1015,7950
1298,7500,78,71186,Petrol,110,0,0,1600,3,1050,9500
1299,8950,72,71054,Petrol,86,0,1,1300,3,1045,10950
1300,7950,76,71000,Petrol,110,1,0,1600,3,1050,9950
1301,6900,80,70939,Petrol,110,1,1,1600,5,1100,8900
1302,7450,77,70932,Petrol,110,1,0,1600,3,1050,9450
1303,8500,80,70597,Petrol,107,1,1,1600,3,1080,10500
1304,7500,73,70482,Petrol,110,1,0,1600,5,1075,9500
1305,8750,77,70124,Petrol,110,1,0,1600,3,1050,10750
1306,7500,76,70039,,110,1,0,1600,3,1050,9500
1307,9950,80,69904,Petrol,110,0,0,1600,5,1070,11950
1308,7950,75,69388,Petrol,86,0,0,1300,3,1010,9950
1309,9950,75,69320,Petrol,110,1,0,1600,5,1070,11950
1310,9250,78,69000,Petrol,110,,0,1600,5,1075,11250
1311,9250,73,68988,Petrol,86,1,0,1300,5,1035,11250
1312,9950,,68945,Petrol,110,1,0,1600,5,1085,11950
1313,5950,74,68285,Petrol,110,1,0,1600,3,1050,7950
1314,7995,,68000,,110,1,0,1600,5,1075,9995
1315,8950,,68000,Petrol,86,1,1,1300,3,1045,10950
1316,7450,75,67451,Petrol,86,1,0,1300,4,1000,9450
1317,8250,,67266,Petrol,86,1,0,1300,5,1035,10250
1318,8500,78,67255,Petrol,110,0,0,1600,5,1085,10500
1319,8500,70,67100,Petrol,110,1,0,1600,5,1075,10500
1320,9400,69,67092,Diesel,72,,0,2000,3,1115,11400
1321,7250,80,66880,Petrol,110,1,0,1600,3,1055,9250
1322,8950,79,66855,Petrol,110,1,0,1600,5,1075,10950
1323,9450,80,66843,Petrol,110,1,0,1600,5,1075,11450
1324,8500,74,66718,Petrol,110,1,0,1600,3,1050,10500
1325,6750,80,66168,Petrol,86,1,0,1300,3,1015,8750
1326,7400,80,65950,Petrol,110,0,0,1600,5,1070,9400
1327,8950,78,65500,Petrol,86,1,0,1300,3,1015,10950
1328,6900,80,65307,Petrol,110,1,0,1600,3,1055,8900
1329,7750,79,65254,Petrol,86,1,0,1300,3,1015,9750
1330,8950,71,65021,Diesel,72,,0,2000,3,1115,10950
1331,6950,75,65006,Petrol,86,1,0,1300,3,1015,8950
1332,8495,77,64280,Petrol,110,0,0,1600,4,1035,10495
1333,10000,75,64000,Petrol,107,0,1,1600,3,1085,12000
1334,6999,71,64000,Petrol,110,,0,1600,5,1070,8999
1335,8950,80,64000,Petrol,110,0,0,1600,3,1055,10950
1336,8500,79,63918,,110,,0,1600,4,1035,10500
1337,8750,75,63634,Petrol,110,1,0,1600,4,1035,10750
1338,7499,80,63500,Petrol,110,1,0,1600,3,1050,9499
1339,9000,,63266,Petrol,110,1,0,1600,4,1035,11000
1340,8950,77,62595,Petrol,110,1,0,1600,3,1050,10950
1341,6950,80,62581,Petrol,110,0,0,1600,5,1075,8950
1342,8500,77,62285,Petrol,110,1,0,1600,5,1075,10500
1343,8450,77,61906,Petrol,86,1,1,1300,5,1065,10450
1344,8950,74,61700,Petrol,110,0,0,1600,5,1070,10950
1345,8250,77,61648,Petrol,110,1,0,1600,5,1070,10250
1346,7950,75,61626,Petrol,86,0,0,1300,5,1035,9950
1347,7450,70,61510,Petrol,110,0,0,1600,4,1035,9450
1348,9000,79,61165,Petrol,107,1,1,1600,3,1080,11000
1349,7150,70,61000,Petrol,110,1,0,1600,4,1035,9150
1350,7750,76,60833,Petrol,110,1,0,1600,4,1035,9750
1351,5845,70,60600,Petrol,86,0,0,1300,3,1060,7845
1352,8500,72,60483,Petrol,110,1,0,1600,5,1075,10500
1353,8250,80,60476,Petrol,110,,0,1600,5,1114,10250
1354,9450,79,60142,Petrol,110,0,0,1600,3,1050,11450
1355,6750,69,60050,Petrol,110,1,0,1600,3,1050,8750
1356,8400,77,60000,Petrol,110,1,0,1600,3,1050,10400
1357,7900,76,60000,Petrol,110,0,0,1600,3,1050,9900
1358,7950,76,59815,Petrol,110,1,0,1587,3,1055,9950
1359,8750,80,59326,Petrol,110,,0,1600,5,1085,10750
1360,9900,73,59240,Petrol,110,1,0,1600,3,1050,11900
1361,6495,71,59164,Petrol,110,0,0,1600,4,1035,8495
1362,8250,70,59017,Petrol,107,1,1,1600,3,1080,10250
1363,6900,69,58952,Petrol,110,1,0,1600,3,1050,8900
1364,7500,74,58454,,86,1,0,1300,3,1015,9500
1365,7950,75,58341,Petrol,86,1,1,1300,4,1030,9950
1366,8250,80,58267,Petrol,110,1,0,1600,5,1070,10250
1367,8950,80,58000,Petrol,110,0,0,1600,3,1055,10950
1368,9750,70,57829,Petrol,110,0,0,1600,3,1050,11750
1369,8250,80,57787,Petrol,86,0,0,1300,3,1015,10250
1370,8900,78,57628,Petrol,110,0,0,1600,5,1075,10900
1371,8950,75,57537,Petrol,86,1,0,1300,5,1050,10950
1372,6750,76,57263,Petrol,110,1,0,1600,3,1050,8750
1373,7950,75,57144,Petrol,110,1,0,1600,5,1070,9950
1374,8600,69,57096,Petrol,86,1,0,1300,3,1025,10600
1375,7750,,57000,Petrol,86,0,0,1300,4,1000,9750
1376,7800,,56566,Petrol,110,1,0,1600,3,1050,9800
1377,8750,73,56307,Petrol,110,1,0,1600,3,1050,10750
1378,9500,79,56214,Petrol,86,0,0,1300,3,1015,11500
1379,7750,,56132,Petrol,110,0,0,1600,4,1035,9750
1380,9950,79,55425,Petrol,110,0,0,1600,5,1075,11950
1381,7750,77,54439,Petrol,86,1,0,1300,3,1015,9750
1382,5950,69,53809,Petrol,110,1,0,1600,3,1050,7950
1383,10950,76,53133,Petrol,110,1,0,1600,5,1070,12950
1384,9450,77,52900,Petrol,110,1,0,1600,4,1075,11450
1385,8250,80,52700,Petrol,110,0,0,1600,3,1050,10250
1386,9750,69,52320,Petrol,110,0,0,1600,5,1070,11750
1387,7450,78,52287,Petrol,110,0,0,1600,5,1114,9450
1388,8750,75,52000,Petrol,110,,0,1600,5,1075,10750
1389,8750,69,52000,Petrol,110,1,0,1600,3,1050,10750
1390,8500,73,52000,Petrol,110,1,1,1600,4,1065,10500
1391,8950,70,51874,Petrol,86,0,0,1300,4,1000,10950
1392,7500,79,49827,Petrol,86,,0,1300,5,1035,9500
1393,7250,69,49640,,110,1,0,1600,4,1035,9250
1394,7450,80,49580,,110,1,0,1600,4,1035,9450
1395,8750,76,49170,,86,,0,1300,3,1045,10750
1396,9800,77,48838,Petrol,110,0,0,1600,3,1055,11800
1397,7500,71,48576,Petrol,86,1,0,1300,3,1015,9500
1398,8950,75,48400,Petrol,110,1,0,1600,5,1075,10950
1399,8950,74,48242,Petrol,86,1,0,1300,5,1035,10950
1400,7450,70,47955,Petrol,110,1,0,1600,5,1070,9450
1401,8950,71,47633,Petrol,110,1,0,1600,5,1075,10950
1402,10500,,47400,Petrol,86,1,0,1300,5,1040,12500
1403,7000,73,47360,,86,0,0,1300,3,1010,9000
1404,8500,77,45507,Petrol,110,1,0,1600,3,1050,10500
1405,7750,76,45410,Petrol,86,1,0,1300,5,1035,9750
1406,8950,70,44850,Petrol,110,1,0,1600,3,1050,10950
1407,8250,69,44826,Petrol,110,0,0,1600,5,1075,10250
1408,9250,,44444,Petrol,110,1,0,1600,3,1050,11250
1409,7900,75,43720,Petrol,110,,0,1600,5,1070,9900
1410,8500,78,43622,Petrol,86,1,0,1300,4,1000,10500
1411,7950,76,43532,Petrol,110,0,0,1600,5,1070,9950
1412,9950,69,42800,Petrol,110,1,0,1600,3,1050,11950
1413,8750,74,42317,Petrol,107,1,1,1600,5,1100,10750
1414,7500,80,42186,Petrol,110,1,0,1600,3,1050,9500
1415,6950,72,42000,Petrol,110,,0,1600,3,1050,8950
1416,8950,,40093,Petrol,110,0,0,1600,5,1114,10950
1417,8750,79,39800,Petrol,107,0,1,1600,3,1080,10750
1418,7750,73,39168,Petrol,86,,0,1300,3,1015,9750
1419,8450,75,38945,Petrol,110,,0,1600,3,1050,10450
1420,8150,76,36537,,110,0,1,1600,4,1075,10150
1421,8500,78,,Petrol,86,0,1,1300,3,1045,10500
1422,7600,,36000,,110,1,0,1600,3,1050,9600
1423,7950,80,35821,Petrol,86,0,1,1300,3,1015,9950
1424,7750,73,34717,Petrol,86,0,0,1300,3,1015,9750
1425,7950,80,,Petrol,86,1,0,1300,4,1000,9950
1426,9950,78,30964,Petrol,110,,1,1600,3,1080,11950
1427,8950,,29000,Petrol,86,1,1,1300,3,1045,10950
1428,8450,72,,Petrol,86,,0,1300,3,1015,10450
1429,8950,78,24000,Petrol,86,1,1,1300,5,1065,10950
1430,8450,80,23000,Petrol,86,0,0,1300,3,1015,10450
1431,7500,,20544,Petrol,86,1,0,1300,3,1025,9500
1432,10845,72,,Petrol,86,0,0,1300,3,1015,12845
1433,8500,,17016,Petrol,86,0,0,1300,3,1015,10500
1434,7250,70,,,86,1,0,1300,3,1015,9250
1435,6950,76,1,Petrol,110,0,0,1600,5,1114,8950
